"","subject","type","item","condition","question","correct_answer","response","rt","group"
"20","L1 1","gap",9,-0.5,"!","{The_table}",1,3739,"L1"
"36","L1 1","gap",1,-0.5,"!","{The_car}",0,4587,"L1"
"40","L1 1","gap",7,-0.5,"!","{The_sky}",1,1791,"L1"
"55","L1 1","gap",11,-0.5,"!","{The_table}",1,1797,"L1"
"58","L1 1","gap",12,0.5,"!","{The_bread}",1,1744,"L1"
"65","L1 1","gap",6,0.5,"!","{The_race}",1,2085,"L1"
"78","L1 1","gap",2,0.5,"!","{The_truck}",1,1632,"L1"
"85","L1 1","gap",8,0.5,"!","{The_church}",1,3415,"L1"
"103","L1 1","gap",10,0.5,"!","{The_car}",1,2519,"L1"
"108","L1 1","gap",3,-0.5,"!","{The_ship}",0,2644,"L1"
"155","L1 1","gap",4,0.5,"!","{The_door}",1,2134,"L1"
"168","L1 1","gap",5,-0.5,"!","{The_car}",1,4305,"L1"
"199","L1 2","gap",10,-0.5,"!","{The_car}",1,2074,"L1"
"220","L1 2","gap",1,0.5,"!","{The_car}",0,2714,"L1"
"227","L1 2","gap",3,0.5,"!","{The_island}",1,1319,"L1"
"234","L1 2","gap",6,-0.5,"!","{The_race}",1,1820,"L1"
"244","L1 2","gap",9,0.5,"!","{The_table}",1,1392,"L1"
"249","L1 2","gap",4,-0.5,"!","{The_door}",1,1155,"L1"
"253","L1 2","gap",12,-0.5,"!","{The_bread}",1,2868,"L1"
"257","L1 2","gap",5,0.5,"!","{The_car}",1,1342,"L1"
"272","L1 2","gap",11,0.5,"!","{The_table}",1,954,"L1"
"321","L1 2","gap",8,-0.5,"!","{The_church}",1,1400,"L1"
"331","L1 2","gap",2,-0.5,"!","{The_truck}",1,2852,"L1"
"356","L1 2","gap",7,0.5,"!","{The_tower}",0,2391,"L1"
"375","L1 3","gap",11,-0.5,"!","{The_table}",1,1636,"L1"
"388","L1 3","gap",6,0.5,"!","{The_race}",1,2839,"L1"
"398","L1 3","gap",1,-0.5,"!","{The_bicycle}",1,2090,"L1"
"419","L1 3","gap",2,0.5,"!","{The_truck}",1,6286,"L1"
"433","L1 3","gap",3,-0.5,"!","{The_island}",1,5202,"L1"
"440","L1 3","gap",9,-0.5,"!","{The_table}",1,3036,"L1"
"452","L1 3","gap",8,0.5,"!","{The_church}",1,8095,"L1"
"463","L1 3","gap",5,-0.5,"!","{The_car}",1,5365,"L1"
"474","L1 3","gap",4,0.5,"!","{The_door}",1,2407,"L1"
"489","L1 3","gap",7,-0.5,"!","{The_tower}",0,4768,"L1"
"506","L1 3","gap",10,0.5,"!","{The_car}",1,3133,"L1"
"515","L1 3","gap",12,0.5,"!","{The_bread}",1,2051,"L1"
"588","L1 4","gap",12,-0.5,"!","{The_cake}",0,1759,"L1"
"592","L1 4","gap",2,-0.5,"!","{The_truck}",1,1696,"L1"
"617","L1 4","gap",1,0.5,"!","{The_car}",0,1413,"L1"
"621","L1 4","gap",5,0.5,"!","{The_car}",1,1435,"L1"
"625","L1 4","gap",3,0.5,"!","{The_ship}",0,2176,"L1"
"635","L1 4","gap",8,-0.5,"!","{The_church}",1,2291,"L1"
"642","L1 4","gap",6,-0.5,"!","{The_race}",1,1343,"L1"
"685","L1 4","gap",9,0.5,"!","{The_table}",1,2552,"L1"
"691","L1 4","gap",10,-0.5,"!","{The_car}",1,1237,"L1"
"698","L1 4","gap",11,0.5,"!","{The_room}",0,1632,"L1"
"711","L1 4","gap",7,0.5,"!","{The_tower}",0,1497,"L1"
"715","L1 4","gap",4,-0.5,"!","{The_window}",0,1567,"L1"
"735","L1 5","gap",1,-0.5,"!","{The_bicycle}",1,3963,"L1"
"761","L1 5","gap",6,0.5,"!","{The_race}",1,3783,"L1"
"768","L1 5","gap",4,0.5,"!","{The_door}",1,3219,"L1"
"775","L1 5","gap",7,-0.5,"!","{The_sky}",1,1479,"L1"
"784","L1 5","gap",8,0.5,"!","{The_church}",1,1518,"L1"
"787","L1 5","gap",9,-0.5,"!","{The_table}",1,2462,"L1"
"794","L1 5","gap",5,-0.5,"!","{The_car}",1,1739,"L1"
"801","L1 5","gap",11,-0.5,"!","{The_table}",1,1617,"L1"
"816","L1 5","gap",3,-0.5,"!","{The_ship}",0,4022,"L1"
"856","L1 5","gap",10,0.5,"!","{The_car}",1,1947,"L1"
"891","L1 5","gap",12,0.5,"!","{The_bread}",1,2466,"L1"
"894","L1 5","gap",2,0.5,"!","{The_wall}",0,4644,"L1"
"926","L1 6","gap",9,0.5,"!","{The_table}",1,3681,"L1"
"935","L1 6","gap",12,-0.5,"!","{The_bread}",1,2341,"L1"
"952","L1 6","gap",2,-0.5,"!","{The_truck}",1,1665,"L1"
"959","L1 6","gap",4,-0.5,"!","{The_door}",1,1648,"L1"
"977","L1 6","gap",1,0.5,"!","{The_bicycle}",1,1085,"L1"
"1005","L1 6","gap",7,0.5,"!","{The_sky}",1,1991,"L1"
"1009","L1 6","gap",10,-0.5,"!","{The_car}",1,4177,"L1"
"1026","L1 6","gap",6,-0.5,"!","{The_race}",1,2515,"L1"
"1036","L1 6","gap",3,0.5,"!","{The_island}",1,2190,"L1"
"1043","L1 6","gap",5,0.5,"!","{The_car}",1,3850,"L1"
"1046","L1 6","gap",8,-0.5,"!","{The_church}",1,1739,"L1"
"1060","L1 6","gap",11,0.5,"!","{The_table}",1,1881,"L1"
"1103","L1 7","gap",5,-0.5,"!","{The_taxi}",0,2848,"L1"
"1109","L1 7","gap",11,-0.5,"!","{The_table}",1,1692,"L1"
"1126","L1 7","gap",3,-0.5,"!","{The_island}",1,2106,"L1"
"1141","L1 7","gap",7,-0.5,"!","{The_sky}",1,3028,"L1"
"1176","L1 7","gap",6,0.5,"!","{The_race}",1,2628,"L1"
"1183","L1 7","gap",9,-0.5,"!","{The_table}",1,8175,"L1"
"1190","L1 7","gap",10,0.5,"!","{The_car}",1,1862,"L1"
"1201","L1 7","gap",1,-0.5,"!","{The_car}",0,3009,"L1"
"1217","L1 7","gap",8,0.5,"!","{The_church}",1,3165,"L1"
"1242","L1 7","gap",4,0.5,"!","{The_door}",1,3450,"L1"
"1252","L1 7","gap",12,0.5,"!","{The_bread}",1,2273,"L1"
"1259","L1 7","gap",2,0.5,"!","{The_truck}",1,2161,"L1"
"1276","L1 8","gap",5,0.5,"!","{The_car}",1,4365,"L1"
"1283","L1 8","gap",8,-0.5,"!","{The_church}",1,2248,"L1"
"1297","L1 8","gap",9,0.5,"!","{The_chair}",0,2172,"L1"
"1304","L1 8","gap",7,0.5,"!","{The_sky}",1,2117,"L1"
"1312","L1 8","gap",12,-0.5,"!","{The_bread}",1,1704,"L1"
"1323","L1 8","gap",11,0.5,"!","{The_room}",0,1729,"L1"
"1336","L1 8","gap",4,-0.5,"!","{The_door}",1,2233,"L1"
"1346","L1 8","gap",6,-0.5,"!","{The_race}",1,1800,"L1"
"1378","L1 8","gap",10,-0.5,"!","{The_car}",1,4595,"L1"
"1416","L1 8","gap",2,-0.5,"!","{The_truck}",1,3615,"L1"
"1420","L1 8","gap",1,0.5,"!","{The_bicycle}",1,2009,"L1"
"1431","L1 8","gap",3,0.5,"!","{The_ship}",0,4346,"L1"
"1473","L1 9","gap",4,0.5,"!","{The_door}",1,1185,"L1"
"1479","L1 9","gap",3,-0.5,"!","{The_island}",1,1377,"L1"
"1492","L1 9","gap",2,0.5,"!","{The_truck}",1,1331,"L1"
"1506","L1 9","gap",10,0.5,"!","{The_car}",1,1775,"L1"
"1523","L1 9","gap",5,-0.5,"!","{The_taxi}",0,1433,"L1"
"1526","L1 9","gap",1,-0.5,"!","{The_bicycle}",1,1253,"L1"
"1547","L1 9","gap",8,0.5,"!","{The_bridge}",0,1652,"L1"
"1575","L1 9","gap",11,-0.5,"!","{The_table}",1,1328,"L1"
"1578","L1 9","gap",9,-0.5,"!","{The_table}",1,1816,"L1"
"1586","L1 9","gap",6,0.5,"!","{The_race}",1,1972,"L1"
"1601","L1 9","gap",12,0.5,"!","{The_bread}",1,1305,"L1"
"1619","L1 9","gap",7,-0.5,"!","{The_sky}",1,1428,"L1"
"1641","L1 10","gap",12,-0.5,"!","{The_cake}",0,1833,"L1"
"1652","L1 10","gap",8,-0.5,"!","{The_bridge}",0,1915,"L1"
"1659","L1 10","gap",5,0.5,"!","{The_taxi}",0,1966,"L1"
"1667","L1 10","gap",11,0.5,"!","{The_room}",0,4053,"L1"
"1673","L1 10","gap",9,0.5,"!","{The_chair}",0,3013,"L1"
"1679","L1 10","gap",3,0.5,"!","{The_ship}",0,3292,"L1"
"1692","L1 10","gap",2,-0.5,"!","{The_wall}",0,3804,"L1"
"1702","L1 10","gap",6,-0.5,"!","{The_movie}",0,1203,"L1"
"1714","L1 10","gap",4,-0.5,"!","{The_window}",0,1615,"L1"
"1722","L1 10","gap",1,0.5,"!","{The_car}",0,2340,"L1"
"1738","L1 10","gap",10,-0.5,"!","{The_tool}",0,1813,"L1"
"1774","L1 10","gap",7,0.5,"!","{The_tower}",0,1957,"L1"
"1825","L1 11","gap",8,0.5,"!","{The_church}",1,1524,"L1"
"1831","L1 11","gap",12,0.5,"!","{The_bread}",1,3301,"L1"
"1834","L1 11","gap",1,-0.5,"!","{The_car}",0,3306,"L1"
"1853","L1 11","gap",3,-0.5,"!","{The_ship}",0,2910,"L1"
"1889","L1 11","gap",2,0.5,"!","{The_wall}",0,2741,"L1"
"1908","L1 11","gap",11,-0.5,"!","{The_table}",1,2463,"L1"
"1930","L1 11","gap",4,0.5,"!","{The_window}",0,2148,"L1"
"1940","L1 11","gap",10,0.5,"!","{The_car}",1,2274,"L1"
"1943","L1 11","gap",5,-0.5,"!","{The_car}",1,3156,"L1"
"1960","L1 11","gap",7,-0.5,"!","{The_sky}",1,2638,"L1"
"1964","L1 11","gap",6,0.5,"!","{The_race}",1,3524,"L1"
"1974","L1 11","gap",9,-0.5,"!","{The_chair}",0,5024,"L1"
"2008","L1 12","gap",6,-0.5,"!","{The_race}",1,2126,"L1"
"2014","L1 12","gap",3,0.5,"!","{The_ship}",0,2100,"L1"
"2023","L1 12","gap",7,0.5,"!","{The_tower}",0,2181,"L1"
"2030","L1 12","gap",2,-0.5,"!","{The_wall}",0,4774,"L1"
"2050","L1 12","gap",12,-0.5,"!","{The_cake}",0,4647,"L1"
"2065","L1 12","gap",5,0.5,"!","{The_taxi}",0,5001,"L1"
"2084","L1 12","gap",10,-0.5,"!","{The_tool}",0,3241,"L1"
"2098","L1 12","gap",11,0.5,"!","{The_room}",0,2081,"L1"
"2102","L1 12","gap",1,0.5,"!","{The_bicycle}",1,1740,"L1"
"2108","L1 12","gap",9,0.5,"!","{The_chair}",0,2412,"L1"
"2142","L1 12","gap",8,-0.5,"!","{The_bridge}",0,1633,"L1"
"2156","L1 12","gap",4,-0.5,"!","{The_window}",0,1484,"L1"
"2202","L1 13","gap",12,0.5,"!","{The_bread}",1,2337,"L1"
"2209","L1 13","gap",8,0.5,"!","{The_bridge}",0,2053,"L1"
"2216","L1 13","gap",10,0.5,"!","{The_car}",1,2141,"L1"
"2223","L1 13","gap",6,0.5,"!","{The_race}",1,1494,"L1"
"2227","L1 13","gap",11,-0.5,"!","{The_table}",1,1561,"L1"
"2279","L1 13","gap",5,-0.5,"!","{The_car}",1,4004,"L1"
"2286","L1 13","gap",1,-0.5,"!","{The_bicycle}",1,1352,"L1"
"2317","L1 13","gap",2,0.5,"!","{The_truck}",1,2859,"L1"
"2324","L1 13","gap",4,0.5,"!","{The_door}",1,1622,"L1"
"2331","L1 13","gap",3,-0.5,"!","{The_ship}",0,2514,"L1"
"2335","L1 13","gap",9,-0.5,"!","{The_table}",1,1714,"L1"
"2339","L1 13","gap",7,-0.5,"!","{The_tower}",0,2124,"L1"
"2359","L1 14","gap",6,-0.5,"!","{The_race}",1,1902,"L1"
"2366","L1 14","gap",8,-0.5,"!","{The_church}",1,1589,"L1"
"2370","L1 14","gap",9,0.5,"!","{The_chair}",0,2707,"L1"
"2377","L1 14","gap",7,0.5,"!","{The_sky}",1,1558,"L1"
"2394","L1 14","gap",1,0.5,"!","{The_bicycle}",1,1489,"L1"
"2404","L1 14","gap",11,0.5,"!","{The_room}",0,2575,"L1"
"2412","L1 14","gap",2,-0.5,"!","{The_wall}",0,2204,"L1"
"2429","L1 14","gap",5,0.5,"!","{The_taxi}",0,2080,"L1"
"2453","L1 14","gap",12,-0.5,"!","{The_bread}",1,1747,"L1"
"2467","L1 14","gap",10,-0.5,"!","{The_car}",1,2069,"L1"
"2485","L1 14","gap",4,-0.5,"!","{The_door}",1,1388,"L1"
"2503","L1 14","gap",3,0.5,"!","{The_island}",1,1621,"L1"
"2542","L1 15","gap",11,-0.5,"!","{The_room}",0,3271,"L1"
"2554","L1 15","gap",6,0.5,"!","{The_race}",1,4525,"L1"
"2564","L1 15","gap",3,-0.5,"!","{The_island}",1,1975,"L1"
"2591","L1 15","gap",12,0.5,"!","{The_bread}",1,4079,"L1"
"2632","L1 15","gap",4,0.5,"!","{The_door}",1,6844,"L1"
"2640","L1 15","gap",10,0.5,"!","{The_car}",1,1780,"L1"
"2650","L1 15","gap",5,-0.5,"!","{The_car}",1,4977,"L1"
"2653","L1 15","gap",2,0.5,"!","{The_truck}",1,3358,"L1"
"2675","L1 15","gap",8,0.5,"!","{The_church}",1,3206,"L1"
"2688","L1 15","gap",1,-0.5,"!","{The_car}",0,1254,"L1"
"2691","L1 15","gap",7,-0.5,"!","{The_tower}",0,5591,"L1"
"2698","L1 15","gap",9,-0.5,"!","{The_table}",1,3194,"L1"
"2729","L1 16","gap",5,0.5,"!","{The_taxi}",0,3201,"L1"
"2746","L1 16","gap",12,-0.5,"!","{The_bread}",1,1793,"L1"
"2772","L1 16","gap",11,0.5,"!","{The_table}",1,1733,"L1"
"2775","L1 16","gap",10,-0.5,"!","{The_car}",1,1823,"L1"
"2779","L1 16","gap",8,-0.5,"!","{The_bridge}",0,1990,"L1"
"2810","L1 16","gap",1,0.5,"!","{The_bicycle}",1,2020,"L1"
"2817","L1 16","gap",6,-0.5,"!","{The_race}",1,3807,"L1"
"2824","L1 16","gap",7,0.5,"!","{The_sky}",1,2764,"L1"
"2827","L1 16","gap",2,-0.5,"!","{The_wall}",0,1896,"L1"
"2834","L1 16","gap",3,0.5,"!","{The_ship}",0,2809,"L1"
"2848","L1 16","gap",9,0.5,"!","{The_table}",1,1940,"L1"
"2861","L1 16","gap",4,-0.5,"!","{The_door}",1,1300,"L1"
"2898","L1 17","gap",7,-0.5,"!","{The_sky}",1,2187,"L1"
"2919","L1 17","gap",10,0.5,"!","{The_car}",1,1859,"L1"
"2938","L1 17","gap",1,-0.5,"!","{The_bicycle}",1,3125,"L1"
"2941","L1 17","gap",11,-0.5,"!","{The_table}",1,1873,"L1"
"2944","L1 17","gap",4,0.5,"!","{The_window}",0,3788,"L1"
"2951","L1 17","gap",8,0.5,"!","{The_bridge}",0,3382,"L1"
"2966","L1 17","gap",12,0.5,"!","{The_bread}",1,2117,"L1"
"2974","L1 17","gap",3,-0.5,"!","{The_island}",1,1676,"L1"
"2978","L1 17","gap",5,-0.5,"!","{The_taxi}",0,1912,"L1"
"2985","L1 17","gap",2,0.5,"!","{The_truck}",1,1929,"L1"
"3009","L1 17","gap",6,0.5,"!","{The_movie}",0,3012,"L1"
"3026","L1 17","gap",9,-0.5,"!","{The_table}",1,2612,"L1"
"3079","L1 18","gap",6,-0.5,"!","{The_race}",1,2073,"L1"
"3126","L1 18","gap",5,0.5,"!","{The_car}",1,1739,"L1"
"3140","L1 18","gap",3,0.5,"!","{The_island}",1,1257,"L1"
"3150","L1 18","gap",11,0.5,"!","{The_table}",1,1188,"L1"
"3154","L1 18","gap",10,-0.5,"!","{The_car}",1,2574,"L1"
"3165","L1 18","gap",2,-0.5,"!","{The_truck}",1,1802,"L1"
"3179","L1 18","gap",12,-0.5,"!","{The_bread}",1,3924,"L1"
"3185","L1 18","gap",9,0.5,"!","{The_table}",1,1436,"L1"
"3198","L1 18","gap",8,-0.5,"!","{The_church}",1,1440,"L1"
"3201","L1 18","gap",1,0.5,"!","{The_bicycle}",1,2452,"L1"
"3235","L1 18","gap",4,-0.5,"!","{The_door}",1,1753,"L1"
"3239","L1 18","gap",7,0.5,"!","{The_sky}",1,1281,"L1"
"3260","L1 19","gap",7,-0.5,"!","{The_sky}",1,1754,"L1"
"3271","L1 19","gap",8,0.5,"!","{The_church}",1,5459,"L1"
"3281","L1 19","gap",9,-0.5,"!","{The_chair}",0,6509,"L1"
"3309","L1 19","gap",3,-0.5,"!","{The_island}",1,2077,"L1"
"3327","L1 19","gap",1,-0.5,"!","{The_car}",0,6209,"L1"
"3347","L1 19","gap",6,0.5,"!","{The_race}",1,2069,"L1"
"3369","L1 19","gap",4,0.5,"!","{The_door}",1,6507,"L1"
"3372","L1 19","gap",10,0.5,"!","{The_car}",1,7031,"L1"
"3385","L1 19","gap",5,-0.5,"!","{The_car}",1,5364,"L1"
"3389","L1 19","gap",12,0.5,"!","{The_bread}",1,3181,"L1"
"3409","L1 19","gap",2,0.5,"!","{The_truck}",1,4125,"L1"
"3412","L1 19","gap",11,-0.5,"!","{The_table}",1,2144,"L1"
"3438","L1 20","gap",2,-0.5,"!","{The_wall}",0,1837,"L1"
"3445","L1 20","gap",9,0.5,"!","{The_chair}",0,4669,"L1"
"3449","L1 20","gap",1,0.5,"!","{The_bicycle}",1,2718,"L1"
"3459","L1 20","gap",12,-0.5,"!","{The_cake}",0,5774,"L1"
"3471","L1 20","gap",3,0.5,"!","{The_island}",1,1592,"L1"
"3482","L1 20","gap",8,-0.5,"!","{The_bridge}",0,5762,"L1"
"3489","L1 20","gap",5,0.5,"!","{The_car}",1,4603,"L1"
"3510","L1 20","gap",11,0.5,"!","{The_table}",1,1323,"L1"
"3513","L1 20","gap",4,-0.5,"!","{The_window}",0,1844,"L1"
"3550","L1 20","gap",10,-0.5,"!","{The_car}",1,2011,"L1"
"3557","L1 20","gap",7,0.5,"!","{The_sky}",1,2092,"L1"
"3585","L1 20","gap",6,-0.5,"!","{The_race}",1,2041,"L1"
"3616","L1 21","gap",5,-0.5,"!","{The_car}",1,2660,"L1"
"3628","L1 21","gap",3,-0.5,"!","{The_ship}",0,3063,"L1"
"3674","L1 21","gap",10,0.5,"!","{The_car}",1,1432,"L1"
"3677","L1 21","gap",8,0.5,"!","{The_church}",1,2387,"L1"
"3680","L1 21","gap",7,-0.5,"!","{The_sky}",1,1447,"L1"
"3684","L1 21","gap",1,-0.5,"!","{The_bicycle}",1,1226,"L1"
"3694","L1 21","gap",12,0.5,"!","{The_bread}",1,1200,"L1"
"3707","L1 21","gap",11,-0.5,"!","{The_table}",1,1339,"L1"
"3710","L1 21","gap",2,0.5,"!","{The_truck}",1,1084,"L1"
"3730","L1 21","gap",6,0.5,"!","{The_race}",1,1400,"L1"
"3743","L1 21","gap",9,-0.5,"!","{The_table}",1,1169,"L1"
"3772","L1 21","gap",4,0.5,"!","{The_door}",1,1107,"L1"
"3796","L1 22","gap",4,-0.5,"!","{The_window}",0,2316,"L1"
"3799","L1 22","gap",7,0.5,"!","{The_sky}",1,3955,"L1"
"3805","L1 22","gap",3,0.5,"!","{The_island}",1,3065,"L1"
"3829","L1 22","gap",1,0.5,"!","{The_bicycle}",1,2259,"L1"
"3833","L1 22","gap",5,0.5,"!","{The_taxi}",0,7165,"L1"
"3836","L1 22","gap",12,-0.5,"!","{The_cake}",0,1657,"L1"
"3844","L1 22","gap",9,0.5,"!","{The_table}",1,1665,"L1"
"3872","L1 22","gap",8,-0.5,"!","{The_bridge}",0,6406,"L1"
"3916","L1 22","gap",11,0.5,"!","{The_room}",0,3625,"L1"
"3926","L1 22","gap",2,-0.5,"!","{The_wall}",0,3179,"L1"
"3949","L1 22","gap",10,-0.5,"!","{The_car}",1,2378,"L1"
"3952","L1 22","gap",6,-0.5,"!","{The_race}",1,3926,"L1"
"3993","L1 23","gap",9,-0.5,"!","{The_table}",1,3923,"L1"
"4012","L1 23","gap",4,0.5,"!","{The_door}",1,3575,"L1"
"4016","L1 23","gap",10,0.5,"!","{The_car}",1,2065,"L1"
"4060","L1 23","gap",3,-0.5,"!","{The_island}",1,4258,"L1"
"4063","L1 23","gap",12,0.5,"!","{The_bread}",1,6241,"L1"
"4070","L1 23","gap",11,-0.5,"!","{The_table}",1,1250,"L1"
"4077","L1 23","gap",5,-0.5,"!","{The_car}",1,1372,"L1"
"4093","L1 23","gap",6,0.5,"!","{The_race}",1,2018,"L1"
"4097","L1 23","gap",8,0.5,"!","{The_church}",1,3097,"L1"
"4104","L1 23","gap",2,0.5,"!","{The_truck}",1,1324,"L1"
"4115","L1 23","gap",1,-0.5,"!","{The_bicycle}",1,1990,"L1"
"4135","L1 23","gap",7,-0.5,"!","{The_sky}",1,1982,"L1"
"4164","L1 24","gap",11,0.5,"!","{The_table}",1,1227,"L1"
"4174","L1 24","gap",1,0.5,"!","{The_car}",0,1765,"L1"
"4189","L1 24","gap",5,0.5,"!","{The_taxi}",0,4351,"L1"
"4199","L1 24","gap",4,-0.5,"!","{The_door}",1,2035,"L1"
"4213","L1 24","gap",10,-0.5,"!","{The_car}",1,2332,"L1"
"4222","L1 24","gap",7,0.5,"!","{The_tower}",0,1923,"L1"
"4225","L1 24","gap",12,-0.5,"!","{The_bread}",1,2161,"L1"
"4243","L1 24","gap",9,0.5,"!","{The_table}",1,1806,"L1"
"4282","L1 24","gap",8,-0.5,"!","{The_church}",1,1518,"L1"
"4296","L1 24","gap",6,-0.5,"!","{The_race}",1,2228,"L1"
"4304","L1 24","gap",2,-0.5,"!","{The_wall}",0,4467,"L1"
"4315","L1 24","gap",3,0.5,"!","{The_island}",1,2092,"L1"
"4335","L1 25","gap",8,0.5,"!","{The_church}",1,1177,"L1"
"4345","L1 25","gap",9,-0.5,"!","{The_chair}",0,1444,"L1"
"4348","L1 25","gap",4,0.5,"!","{The_door}",1,1287,"L1"
"4353","L1 25","gap",12,0.5,"!","{The_bread}",1,2107,"L1"
"4357","L1 25","gap",3,-0.5,"!","{The_island}",1,1041,"L1"
"4364","L1 25","gap",5,-0.5,"!","{The_taxi}",0,1228,"L1"
"4368","L1 25","gap",10,0.5,"!","{The_car}",1,1343,"L1"
"4380","L1 25","gap",2,0.5,"!","{The_truck}",1,1936,"L1"
"4413","L1 25","gap",6,0.5,"!","{The_race}",1,1555,"L1"
"4464","L1 25","gap",11,-0.5,"!","{The_table}",1,1442,"L1"
"4484","L1 25","gap",1,-0.5,"!","{The_bicycle}",1,1565,"L1"
"4499","L1 25","gap",7,-0.5,"!","{The_sky}",1,1474,"L1"
"4516","L1 26","gap",1,0.5,"!","{The_bicycle}",1,2859,"L1"
"4544","L1 26","gap",4,-0.5,"!","{The_door}",1,2802,"L1"
"4551","L1 26","gap",5,0.5,"!","{The_car}",1,2022,"L1"
"4566","L1 26","gap",6,-0.5,"!","{The_race}",1,2338,"L1"
"4573","L1 26","gap",10,-0.5,"!","{The_car}",1,1678,"L1"
"4577","L1 26","gap",7,0.5,"!","{The_sky}",1,1533,"L1"
"4594","L1 26","gap",9,0.5,"!","{The_table}",1,1754,"L1"
"4597","L1 26","gap",2,-0.5,"!","{The_truck}",1,3873,"L1"
"4620","L1 26","gap",11,0.5,"!","{The_table}",1,3966,"L1"
"4633","L1 26","gap",3,0.5,"!","{The_ship}",0,2248,"L1"
"4656","L1 26","gap",12,-0.5,"!","{The_cake}",0,2196,"L1"
"4671","L1 26","gap",8,-0.5,"!","{The_bridge}",0,2548,"L1"
"4695","L1 27","gap",2,0.5,"!","{The_truck}",1,4988,"L1"
"4704","L1 27","gap",4,0.5,"!","{The_door}",1,1538,"L1"
"4708","L1 27","gap",10,0.5,"!","{The_car}",1,3180,"L1"
"4723","L1 27","gap",12,0.5,"!","{The_cake}",0,1186,"L1"
"4743","L1 27","gap",9,-0.5,"!","{The_chair}",0,2254,"L1"
"4754","L1 27","gap",8,0.5,"!","{The_bridge}",0,2509,"L1"
"4760","L1 27","gap",5,-0.5,"!","{The_taxi}",0,5707,"L1"
"4785","L1 27","gap",6,0.5,"!","{The_race}",1,1285,"L1"
"4793","L1 27","gap",7,-0.5,"!","{The_tower}",0,1529,"L1"
"4806","L1 27","gap",1,-0.5,"!","{The_bicycle}",1,1376,"L1"
"4812","L1 27","gap",11,-0.5,"!","{The_table}",1,1450,"L1"
"4815","L1 27","gap",3,-0.5,"!","{The_ship}",0,1450,"L1"
"4886","L1 28","gap",11,0.5,"!","{The_room}",0,1570,"L1"
"4904","L1 28","gap",8,-0.5,"!","{The_bridge}",0,4826,"L1"
"4916","L1 28","gap",7,0.5,"!","{The_tower}",0,2588,"L1"
"4920","L1 28","gap",2,-0.5,"!","{The_truck}",1,1349,"L1"
"4964","L1 28","gap",6,-0.5,"!","{The_race}",1,1637,"L1"
"4981","L1 28","gap",1,0.5,"!","{The_car}",0,3552,"L1"
"4987","L1 28","gap",12,-0.5,"!","{The_bread}",1,2112,"L1"
"4996","L1 28","gap",4,-0.5,"!","{The_door}",1,2041,"L1"
"5012","L1 28","gap",10,-0.5,"!","{The_car}",1,1833,"L1"
"5023","L1 28","gap",3,0.5,"!","{The_ship}",0,2176,"L1"
"5032","L1 28","gap",5,0.5,"!","{The_car}",1,1645,"L1"
"5035","L1 28","gap",9,0.5,"!","{The_chair}",0,5545,"L1"
"5059","L1 29","gap",1,-0.5,"!","{The_car}",0,3114,"L1"
"5066","L1 29","gap",6,0.5,"!","{The_race}",1,1251,"L1"
"5103","L1 29","gap",3,-0.5,"!","{The_ship}",0,4122,"L1"
"5119","L1 29","gap",9,-0.5,"!","{The_table}",1,2951,"L1"
"5142","L1 29","gap",4,0.5,"!","{The_door}",1,2186,"L1"
"5158","L1 29","gap",10,0.5,"!","{The_car}",1,1565,"L1"
"5165","L1 29","gap",2,0.5,"!","{The_truck}",1,3135,"L1"
"5188","L1 29","gap",12,0.5,"!","{The_bread}",1,1329,"L1"
"5196","L1 29","gap",8,0.5,"!","{The_church}",1,2165,"L1"
"5205","L1 29","gap",11,-0.5,"!","{The_table}",1,1280,"L1"
"5208","L1 29","gap",7,-0.5,"!","{The_sky}",1,961,"L1"
"5219","L1 29","gap",5,-0.5,"!","{The_car}",1,1255,"L1"
"5250","L1 30","gap",11,0.5,"!","{The_table}",1,1453,"L1"
"5257","L1 30","gap",1,0.5,"!","{The_bicycle}",1,1857,"L1"
"5273","L1 30","gap",12,-0.5,"!","{The_bread}",1,1496,"L1"
"5280","L1 30","gap",5,0.5,"!","{The_car}",1,1610,"L1"
"5293","L1 30","gap",6,-0.5,"!","{The_race}",1,1897,"L1"
"5299","L1 30","gap",8,-0.5,"!","{The_church}",1,1782,"L1"
"5318","L1 30","gap",9,0.5,"!","{The_table}",1,1100,"L1"
"5344","L1 30","gap",2,-0.5,"!","{The_truck}",1,1248,"L1"
"5352","L1 30","gap",10,-0.5,"!","{The_car}",1,2790,"L1"
"5359","L1 30","gap",4,-0.5,"!","{The_door}",1,1294,"L1"
"5362","L1 30","gap",7,0.5,"!","{The_sky}",1,1155,"L1"
"5372","L1 30","gap",3,0.5,"!","{The_island}",1,1776,"L1"
"5429","L1 31","gap",7,-0.5,"!","{The_sky}",1,1848,"L1"
"5436","L1 31","gap",3,-0.5,"!","{The_island}",1,2182,"L1"
"5442","L1 31","gap",12,0.5,"!","{The_bread}",1,3938,"L1"
"5449","L1 31","gap",10,0.5,"!","{The_car}",1,2162,"L1"
"5455","L1 31","gap",11,-0.5,"!","{The_table}",1,1386,"L1"
"5461","L1 31","gap",6,0.5,"!","{The_race}",1,2942,"L1"
"5487","L1 31","gap",1,-0.5,"!","{The_bicycle}",1,2664,"L1"
"5520","L1 31","gap",9,-0.5,"!","{The_table}",1,2687,"L1"
"5523","L1 31","gap",4,0.5,"!","{The_window}",0,3579,"L1"
"5548","L1 31","gap",2,0.5,"!","{The_truck}",1,1900,"L1"
"5559","L1 31","gap",8,0.5,"!","{The_church}",1,2291,"L1"
"5571","L1 31","gap",5,-0.5,"!","{The_car}",1,1687,"L1"
"5608","L1 32","gap",4,-0.5,"!","{The_door}",1,4366,"L1"
"5615","L1 32","gap",10,-0.5,"!","{The_car}",1,2697,"L1"
"5618","L1 32","gap",11,0.5,"!","{The_table}",1,1077,"L1"
"5682","L1 32","gap",8,-0.5,"!","{The_church}",1,2301,"L1"
"5686","L1 32","gap",5,0.5,"!","{The_car}",1,3467,"L1"
"5697","L1 32","gap",6,-0.5,"!","{The_race}",1,2452,"L1"
"5700","L1 32","gap",9,0.5,"!","{The_table}",1,1320,"L1"
"5711","L1 32","gap",3,0.5,"!","{The_island}",1,1335,"L1"
"5719","L1 32","gap",2,-0.5,"!","{The_truck}",1,2871,"L1"
"5739","L1 32","gap",7,0.5,"!","{The_sky}",1,1115,"L1"
"5747","L1 32","gap",1,0.5,"!","{The_bicycle}",1,1200,"L1"
"5751","L1 32","gap",12,-0.5,"!","{The_bread}",1,1331,"L1"
"5775","L1 33","gap",4,0.5,"!","{The_door}",1,9324,"L1"
"5779","L1 33","gap",6,0.5,"!","{The_race}",1,3830,"L1"
"5795","L1 33","gap",9,-0.5,"!","{The_chair}",0,8440,"L1"
"5829","L1 33","gap",7,-0.5,"!","{The_sky}",1,4336,"L1"
"5836","L1 33","gap",1,-0.5,"!","{The_bicycle}",1,1375,"L1"
"5848","L1 33","gap",10,0.5,"!","{The_car}",1,1699,"L1"
"5852","L1 33","gap",11,-0.5,"!","{The_room}",0,8157,"L1"
"5862","L1 33","gap",5,-0.5,"!","{The_car}",1,4673,"L1"
"5886","L1 33","gap",3,-0.5,"!","{The_ship}",0,2588,"L1"
"5893","L1 33","gap",8,0.5,"!","{The_church}",1,1635,"L1"
"5931","L1 33","gap",2,0.5,"!","{The_truck}",1,2496,"L1"
"5935","L1 33","gap",12,0.5,"!","{The_cake}",0,3738,"L1"
"5955","L1 34","gap",8,-0.5,"!","{The_church}",1,1864,"L1"
"5959","L1 34","gap",10,-0.5,"!","{The_car}",1,2108,"L1"
"5963","L1 34","gap",2,-0.5,"!","{The_truck}",1,1703,"L1"
"5966","L1 34","gap",12,-0.5,"!","{The_cake}",0,1990,"L1"
"5980","L1 34","gap",5,0.5,"!","{The_taxi}",0,1800,"L1"
"5988","L1 34","gap",4,-0.5,"!","{The_door}",1,1904,"L1"
"6014","L1 34","gap",3,0.5,"!","{The_island}",1,1482,"L1"
"6024","L1 34","gap",7,0.5,"!","{The_tower}",0,1947,"L1"
"6041","L1 34","gap",9,0.5,"!","{The_table}",1,1538,"L1"
"6050","L1 34","gap",11,0.5,"!","{The_table}",1,2042,"L1"
"6072","L1 34","gap",6,-0.5,"!","{The_race}",1,1707,"L1"
"6119","L1 34","gap",1,0.5,"!","{The_bicycle}",1,1713,"L1"
"6136","L1 35","gap",10,0.5,"!","{The_tool}",0,1332,"L1"
"6140","L1 35","gap",8,0.5,"!","{The_bridge}",0,1671,"L1"
"6156","L1 35","gap",6,0.5,"!","{The_race}",1,1577,"L1"
"6164","L1 35","gap",9,-0.5,"!","{The_table}",1,1312,"L1"
"6171","L1 35","gap",11,-0.5,"!","{The_table}",1,1525,"L1"
"6208","L1 35","gap",5,-0.5,"!","{The_car}",1,1935,"L1"
"6211","L1 35","gap",2,0.5,"!","{The_truck}",1,1365,"L1"
"6231","L1 35","gap",4,0.5,"!","{The_door}",1,2128,"L1"
"6238","L1 35","gap",3,-0.5,"!","{The_island}",1,1447,"L1"
"6259","L1 35","gap",1,-0.5,"!","{The_bicycle}",1,2791,"L1"
"6269","L1 35","gap",7,-0.5,"!","{The_sky}",1,3688,"L1"
"6287","L1 35","gap",12,0.5,"!","{The_bread}",1,3120,"L1"
"6322","L1 36","gap",3,0.5,"!","{The_island}",1,3608,"L1"
"6325","L1 36","gap",7,0.5,"!","{The_sky}",1,3680,"L1"
"6332","L1 36","gap",6,-0.5,"!","{The_race}",1,1988,"L1"
"6348","L1 36","gap",1,0.5,"!","{The_bicycle}",1,2494,"L1"
"6389","L1 36","gap",5,0.5,"!","{The_car}",1,4654,"L1"
"6398","L1 36","gap",12,-0.5,"!","{The_bread}",1,8171,"L1"
"6408","L1 36","gap",10,-0.5,"!","{The_car}",1,2043,"L1"
"6414","L1 36","gap",11,0.5,"!","{The_table}",1,2676,"L1"
"6441","L1 36","gap",8,-0.5,"!","{The_church}",1,3343,"L1"
"6444","L1 36","gap",2,-0.5,"!","{The_wall}",0,7047,"L1"
"6447","L1 36","gap",4,-0.5,"!","{The_door}",1,1904,"L1"
"6450","L1 36","gap",9,0.5,"!","{The_table}",1,1421,"L1"
"6517","L1 37","gap",9,-0.5,"!","{The_chair}",0,2714,"L1"
"6528","L1 37","gap",6,0.5,"!","{The_race}",1,1690,"L1"
"6542","L1 37","gap",12,0.5,"!","{The_bread}",1,2389,"L1"
"6548","L1 37","gap",2,0.5,"!","{The_truck}",1,1698,"L1"
"6572","L1 37","gap",8,0.5,"!","{The_bridge}",0,2343,"L1"
"6589","L1 37","gap",11,-0.5,"!","{The_table}",1,2760,"L1"
"6606","L1 37","gap",5,-0.5,"!","{The_taxi}",0,1327,"L1"
"6610","L1 37","gap",1,-0.5,"!","{The_car}",0,2294,"L1"
"6618","L1 37","gap",4,0.5,"!","{The_door}",1,1752,"L1"
"6621","L1 37","gap",7,-0.5,"!","{The_tower}",0,2379,"L1"
"6639","L1 37","gap",10,0.5,"!","{The_car}",1,1832,"L1"
"6659","L1 37","gap",3,-0.5,"!","{The_island}",1,4662,"L1"
"6676","L1 38","gap",8,-0.5,"!","{The_bridge}",0,2419,"L1"
"6687","L1 38","gap",4,-0.5,"!","{The_door}",1,1349,"L1"
"6695","L1 38","gap",7,0.5,"!","{The_tower}",0,1533,"L1"
"6708","L1 38","gap",5,0.5,"!","{The_car}",1,1889,"L1"
"6723","L1 38","gap",2,-0.5,"!","{The_truck}",1,1772,"L1"
"6740","L1 38","gap",6,-0.5,"!","{The_race}",1,1691,"L1"
"6764","L1 38","gap",3,0.5,"!","{The_island}",1,1504,"L1"
"6775","L1 38","gap",11,0.5,"!","{The_room}",0,2090,"L1"
"6779","L1 38","gap",12,-0.5,"!","{The_cake}",0,3414,"L1"
"6788","L1 38","gap",1,0.5,"!","{The_bicycle}",1,1097,"L1"
"6812","L1 38","gap",10,-0.5,"!","{The_car}",1,2639,"L1"
"6819","L1 38","gap",9,0.5,"!","{The_table}",1,1470,"L1"
"6856","L1 39","gap",5,-0.5,"!","{The_car}",1,4436,"L1"
"6872","L1 39","gap",3,-0.5,"!","{The_ship}",0,2829,"L1"
"6891","L1 39","gap",4,0.5,"!","{The_door}",1,3896,"L1"
"6911","L1 39","gap",9,-0.5,"!","{The_table}",1,4566,"L1"
"6914","L1 39","gap",12,0.5,"!","{The_bread}",1,1644,"L1"
"6947","L1 39","gap",11,-0.5,"!","{The_table}",1,2214,"L1"
"6958","L1 39","gap",2,0.5,"!","{The_truck}",1,1841,"L1"
"6968","L1 39","gap",10,0.5,"!","{The_car}",1,2565,"L1"
"6974","L1 39","gap",7,-0.5,"!","{The_sky}",1,1595,"L1"
"6981","L1 39","gap",6,0.5,"!","{The_race}",1,2584,"L1"
"7004","L1 39","gap",8,0.5,"!","{The_church}",1,2631,"L1"
"7011","L1 39","gap",1,-0.5,"!","{The_bicycle}",1,1318,"L1"
"7035","L1 40","gap",8,-0.5,"!","{The_church}",1,2968,"L1"
"7045","L1 40","gap",4,-0.5,"!","{The_window}",0,1904,"L1"
"7053","L1 40","gap",10,-0.5,"!","{The_car}",1,1877,"L1"
"7056","L1 40","gap",7,0.5,"!","{The_sky}",1,1991,"L1"
"7062","L1 40","gap",12,-0.5,"!","{The_bread}",1,3551,"L1"
"7074","L1 40","gap",11,0.5,"!","{The_table}",1,2834,"L1"
"7094","L1 40","gap",9,0.5,"!","{The_table}",1,3016,"L1"
"7108","L1 40","gap",5,0.5,"!","{The_taxi}",0,3455,"L1"
"7114","L1 40","gap",3,0.5,"!","{The_island}",1,2671,"L1"
"7125","L1 40","gap",6,-0.5,"!","{The_race}",1,6225,"L1"
"7147","L1 40","gap",1,0.5,"!","{The_bicycle}",1,1136,"L1"
"7163","L1 40","gap",2,-0.5,"!","{The_wall}",0,5433,"L1"
