"","subject","type","item","condition","question","correct_answer","response","rt","group","clause_q","ambiguity"
"15","L1 1","gp",14,"b","0","-","-",3384,"L1",-0.5,0.5
"22","L1 1","gp",3,"c","0","-","-",4156,"L1",0.5,-0.5
"28","L1 1","gp",4,"d","0","-","-",3489,"L1",0.5,0.5
"32","L1 1","gp",7,"c","0","-","-",5264,"L1",0.5,-0.5
"61","L1 1","gp",9,"a","0","-","-",5412,"L1",-0.5,-0.5
"67","L1 1","gp",6,"b","0","-","-",3704,"L1",-0.5,0.5
"74","L1 1","gp",5,"a","0","-","-",6646,"L1",-0.5,-0.5
"88","L1 1","gp",20,"d","0","-","-",6440,"L1",0.5,0.5
"91","L1 1","gp",19,"c","0","-","-",3546,"L1",0.5,-0.5
"99","L1 1","gp",17,"a","0","-","-",4075,"L1",-0.5,-0.5
"105","L1 1","gp",2,"b","0","-","-",3114,"L1",-0.5,0.5
"111","L1 1","gp",12,"d","0","-","-",4900,"L1",0.5,0.5
"115","L1 1","gp",18,"b","0","-","-",4411,"L1",-0.5,0.5
"125","L1 1","gp",1,"a","0","-","-",3168,"L1",-0.5,-0.5
"129","L1 1","gp",10,"b","0","-","-",4849,"L1",-0.5,0.5
"132","L1 1","gp",11,"c","0","-","-",3770,"L1",0.5,-0.5
"135","L1 1","gp",13,"a","0","-","-",7652,"L1",-0.5,-0.5
"139","L1 1","gp",24,"d","0","-","-",5284,"L1",0.5,0.5
"143","L1 1","gp",16,"d","0","-","-",7749,"L1",0.5,0.5
"146","L1 1","gp",21,"a","0","-","-",7780,"L1",-0.5,-0.5
"150","L1 1","gp",22,"b","0","-","-",5617,"L1",-0.5,0.5
"158","L1 1","gp",15,"c","0","-","-",9105,"L1",0.5,-0.5
"170","L1 1","gp",23,"c","0","-","-",4358,"L1",0.5,-0.5
"174","L1 1","gp",8,"d","0","-","-",3081,"L1",0.5,0.5
"194","L1 2","gp",16,"a","0","-","-",7234,"L1",-0.5,-0.5
"201","L1 2","gp",17,"b","0","-","-",4808,"L1",-0.5,0.5
"208","L1 2","gp",4,"a","0","-","-",7346,"L1",-0.5,-0.5
"216","L1 2","gp",15,"d","0","-","-",3568,"L1",0.5,0.5
"222","L1 2","gp",2,"c","0","-","-",4187,"L1",0.5,-0.5
"229","L1 2","gp",10,"c","0","-","-",5184,"L1",0.5,-0.5
"240","L1 2","gp",6,"c","0","-","-",9151,"L1",0.5,-0.5
"246","L1 2","gp",19,"d","0","-","-",7389,"L1",0.5,0.5
"260","L1 2","gp",20,"a","0","-","-",5120,"L1",-0.5,-0.5
"264","L1 2","gp",14,"c","0","-","-",15480,"L1",0.5,-0.5
"268","L1 2","gp",8,"a","0","-","-",6755,"L1",-0.5,-0.5
"274","L1 2","gp",1,"b","0","-","-",2699,"L1",-0.5,0.5
"285","L1 2","gp",12,"a","0","-","-",3499,"L1",-0.5,-0.5
"288","L1 2","gp",24,"a","0","-","-",4612,"L1",-0.5,-0.5
"292","L1 2","gp",3,"d","0","-","-",4289,"L1",0.5,0.5
"296","L1 2","gp",23,"d","0","-","-",4385,"L1",0.5,0.5
"306","L1 2","gp",9,"b","0","-","-",2218,"L1",-0.5,0.5
"313","L1 2","gp",5,"b","0","-","-",5668,"L1",-0.5,0.5
"323","L1 2","gp",11,"d","0","-","-",2194,"L1",0.5,0.5
"341","L1 2","gp",21,"b","0","-","-",2691,"L1",-0.5,0.5
"344","L1 2","gp",18,"c","0","-","-",4779,"L1",0.5,-0.5
"347","L1 2","gp",22,"c","0","-","-",6143,"L1",0.5,-0.5
"351","L1 2","gp",13,"b","0","-","-",4196,"L1",-0.5,0.5
"358","L1 2","gp",7,"d","0","-","-",5453,"L1",0.5,0.5
"378","L1 3","gp",4,"b","0","-","-",7373,"L1",-0.5,0.5
"381","L1 3","gp",20,"b","0","-","-",5470,"L1",-0.5,0.5
"393","L1 3","gp",12,"b","0","-","-",7412,"L1",-0.5,0.5
"400","L1 3","gp",18,"d","0","-","-",5686,"L1",0.5,0.5
"404","L1 3","gp",22,"d","0","-","-",9656,"L1",0.5,0.5
"408","L1 3","gp",9,"c","0","-","-",12911,"L1",0.5,-0.5
"411","L1 3","gp",6,"d","0","-","-",5195,"L1",0.5,0.5
"426","L1 3","gp",13,"c","0","-","-",19741,"L1",0.5,-0.5
"429","L1 3","gp",24,"b","0","-","-",4475,"L1",-0.5,0.5
"435","L1 3","gp",15,"a","0","-","-",11292,"L1",-0.5,-0.5
"447","L1 3","gp",23,"a","0","-","-",10354,"L1",-0.5,-0.5
"455","L1 3","gp",1,"c","0","-","-",11076,"L1",0.5,-0.5
"470","L1 3","gp",14,"d","0","-","-",7494,"L1",0.5,0.5
"477","L1 3","gp",7,"a","0","-","-",10055,"L1",-0.5,-0.5
"481","L1 3","gp",16,"b","0","-","-",5230,"L1",-0.5,0.5
"498","L1 3","gp",11,"a","0","-","-",11376,"L1",-0.5,-0.5
"501","L1 3","gp",21,"c","0","-","-",6568,"L1",0.5,-0.5
"507","L1 3","gp",19,"a","0","-","-",14297,"L1",-0.5,-0.5
"518","L1 3","gp",5,"c","0","-","-",8437,"L1",0.5,-0.5
"524","L1 3","gp",3,"a","0","-","-",9621,"L1",-0.5,-0.5
"528","L1 3","gp",10,"d","0","-","-",14435,"L1",0.5,0.5
"531","L1 3","gp",17,"c","0","-","-",12319,"L1",0.5,-0.5
"534","L1 3","gp",8,"b","0","-","-",4599,"L1",-0.5,0.5
"537","L1 3","gp",2,"d","0","-","-",3891,"L1",0.5,0.5
"558","L1 4","gp",11,"b","0","-","-",2231,"L1",-0.5,0.5
"561","L1 4","gp",12,"c","0","-","-",3115,"L1",0.5,-0.5
"570","L1 4","gp",21,"d","0","-","-",3842,"L1",0.5,0.5
"573","L1 4","gp",24,"c","0","-","-",4754,"L1",0.5,-0.5
"577","L1 4","gp",17,"d","0","-","-",2057,"L1",0.5,0.5
"584","L1 4","gp",6,"a","0","-","-",2830,"L1",-0.5,-0.5
"594","L1 4","gp",4,"c","0","-","-",2963,"L1",0.5,-0.5
"598","L1 4","gp",16,"c","0","-","-",3635,"L1",0.5,-0.5
"602","L1 4","gp",2,"a","0","-","-",3400,"L1",-0.5,-0.5
"606","L1 4","gp",15,"b","0","-","-",3273,"L1",-0.5,0.5
"613","L1 4","gp",8,"c","0","-","-",3875,"L1",0.5,-0.5
"627","L1 4","gp",14,"a","0","-","-",2550,"L1",-0.5,-0.5
"631","L1 4","gp",23,"b","0","-","-",2666,"L1",-0.5,0.5
"637","L1 4","gp",13,"d","0","-","-",6078,"L1",0.5,0.5
"644","L1 4","gp",22,"a","0","-","-",3316,"L1",-0.5,-0.5
"651","L1 4","gp",7,"b","0","-","-",2191,"L1",-0.5,0.5
"655","L1 4","gp",1,"d","0","-","-",2340,"L1",0.5,0.5
"662","L1 4","gp",20,"c","0","-","-",2317,"L1",0.5,-0.5
"669","L1 4","gp",3,"b","0","-","-",2338,"L1",-0.5,0.5
"672","L1 4","gp",9,"d","0","-","-",4530,"L1",0.5,0.5
"687","L1 4","gp",10,"a","0","-","-",2998,"L1",-0.5,-0.5
"693","L1 4","gp",18,"a","0","-","-",1874,"L1",-0.5,-0.5
"700","L1 4","gp",5,"d","0","-","-",4477,"L1",0.5,0.5
"707","L1 4","gp",19,"b","0","-","-",2379,"L1",-0.5,0.5
"737","L1 5","gp",19,"c","0","-","-",3241,"L1",0.5,-0.5
"746","L1 5","gp",4,"d","0","-","-",4760,"L1",0.5,0.5
"749","L1 5","gp",7,"c","0","-","-",4277,"L1",0.5,-0.5
"756","L1 5","gp",16,"d","0","-","-",3505,"L1",0.5,0.5
"764","L1 5","gp",1,"a","0","-","-",2999,"L1",-0.5,-0.5
"770","L1 5","gp",2,"b","0","-","-",4890,"L1",-0.5,0.5
"777","L1 5","gp",3,"c","0","-","-",6004,"L1",0.5,-0.5
"780","L1 5","gp",18,"b","0","-","-",3585,"L1",-0.5,0.5
"790","L1 5","gp",23,"c","0","-","-",3447,"L1",0.5,-0.5
"797","L1 5","gp",21,"a","0","-","-",2526,"L1",-0.5,-0.5
"807","L1 5","gp",13,"a","0","-","-",6581,"L1",-0.5,-0.5
"819","L1 5","gp",8,"d","0","-","-",3864,"L1",0.5,0.5
"822","L1 5","gp",15,"c","0","-","-",2722,"L1",0.5,-0.5
"826","L1 5","gp",14,"b","0","-","-",4740,"L1",-0.5,0.5
"834","L1 5","gp",24,"d","0","-","-",4165,"L1",0.5,0.5
"841","L1 5","gp",6,"b","0","-","-",5734,"L1",-0.5,0.5
"844","L1 5","gp",22,"b","0","-","-",4039,"L1",-0.5,0.5
"852","L1 5","gp",11,"c","0","-","-",2709,"L1",0.5,-0.5
"863","L1 5","gp",10,"b","0","-","-",3259,"L1",-0.5,0.5
"872","L1 5","gp",17,"a","0","-","-",2410,"L1",-0.5,-0.5
"876","L1 5","gp",5,"a","0","-","-",2118,"L1",-0.5,-0.5
"884","L1 5","gp",9,"a","0","-","-",3016,"L1",-0.5,-0.5
"887","L1 5","gp",20,"d","0","-","-",2237,"L1",0.5,0.5
"897","L1 5","gp",12,"d","0","-","-",3706,"L1",0.5,0.5
"914","L1 6","gp",5,"b","0","-","-",4361,"L1",-0.5,0.5
"918","L1 6","gp",11,"d","0","-","-",2906,"L1",0.5,0.5
"931","L1 6","gp",6,"c","0","-","-",4961,"L1",0.5,-0.5
"941","L1 6","gp",2,"c","0","-","-",7443,"L1",0.5,-0.5
"944","L1 6","gp",10,"c","0","-","-",4597,"L1",0.5,-0.5
"947","L1 6","gp",17,"b","0","-","-",3031,"L1",-0.5,0.5
"954","L1 6","gp",15,"d","0","-","-",3339,"L1",0.5,0.5
"962","L1 6","gp",20,"a","0","-","-",2782,"L1",-0.5,-0.5
"969","L1 6","gp",3,"d","0","-","-",3185,"L1",0.5,0.5
"972","L1 6","gp",9,"b","0","-","-",4387,"L1",-0.5,0.5
"983","L1 6","gp",7,"d","0","-","-",3258,"L1",0.5,0.5
"991","L1 6","gp",24,"a","0","-","-",2251,"L1",-0.5,-0.5
"997","L1 6","gp",12,"a","0","-","-",8322,"L1",-0.5,-0.5
"1000","L1 6","gp",13,"b","0","-","-",3419,"L1",-0.5,0.5
"1014","L1 6","gp",8,"a","0","-","-",5270,"L1",-0.5,-0.5
"1018","L1 6","gp",16,"a","0","-","-",4348,"L1",-0.5,-0.5
"1021","L1 6","gp",14,"c","0","-","-",2731,"L1",0.5,-0.5
"1028","L1 6","gp",4,"a","0","-","-",4466,"L1",-0.5,-0.5
"1032","L1 6","gp",23,"d","0","-","-",2822,"L1",0.5,0.5
"1049","L1 6","gp",1,"b","0","-","-",2689,"L1",-0.5,0.5
"1053","L1 6","gp",22,"c","0","-","-",3512,"L1",0.5,-0.5
"1067","L1 6","gp",18,"c","0","-","-",2565,"L1",0.5,-0.5
"1074","L1 6","gp",19,"d","0","-","-",2952,"L1",0.5,0.5
"1078","L1 6","gp",21,"b","0","-","-",3455,"L1",-0.5,0.5
"1095","L1 7","gp",3,"a","0","-","-",5657,"L1",-0.5,-0.5
"1099","L1 7","gp",17,"c","0","-","-",3981,"L1",0.5,-0.5
"1104","L1 7","gp",4,"b","0","-","-",4410,"L1",-0.5,0.5
"1111","L1 7","gp",18,"d","0","-","-",4575,"L1",0.5,0.5
"1114","L1 7","gp",13,"c","0","-","-",6012,"L1",0.5,-0.5
"1117","L1 7","gp",22,"d","0","-","-",3662,"L1",0.5,0.5
"1131","L1 7","gp",1,"c","0","-","-",3848,"L1",0.5,-0.5
"1137","L1 7","gp",7,"a","0","-","-",3109,"L1",-0.5,-0.5
"1144","L1 7","gp",5,"c","0","-","-",5390,"L1",0.5,-0.5
"1148","L1 7","gp",19,"a","0","-","-",7079,"L1",-0.5,-0.5
"1156","L1 7","gp",11,"a","0","-","-",4358,"L1",-0.5,-0.5
"1163","L1 7","gp",9,"c","0","-","-",5155,"L1",0.5,-0.5
"1171","L1 7","gp",15,"a","0","-","-",4431,"L1",-0.5,-0.5
"1178","L1 7","gp",12,"b","0","-","-",3390,"L1",-0.5,0.5
"1185","L1 7","gp",23,"a","0","-","-",7468,"L1",-0.5,-0.5
"1203","L1 7","gp",6,"d","0","-","-",4691,"L1",0.5,0.5
"1206","L1 7","gp",10,"d","0","-","-",2968,"L1",0.5,0.5
"1213","L1 7","gp",16,"b","0","-","-",5496,"L1",-0.5,0.5
"1219","L1 7","gp",2,"d","0","-","-",4309,"L1",0.5,0.5
"1223","L1 7","gp",8,"b","0","-","-",3715,"L1",-0.5,0.5
"1230","L1 7","gp",21,"c","0","-","-",6420,"L1",0.5,-0.5
"1237","L1 7","gp",14,"d","0","-","-",2886,"L1",0.5,0.5
"1244","L1 7","gp",24,"b","0","-","-",4844,"L1",-0.5,0.5
"1247","L1 7","gp",20,"b","0","-","-",3490,"L1",-0.5,0.5
"1279","L1 8","gp",23,"b","0","-","-",6232,"L1",-0.5,0.5
"1284","L1 8","gp",24,"c","0","-","-",3872,"L1",0.5,-0.5
"1290","L1 8","gp",7,"b","0","-","-",4641,"L1",-0.5,0.5
"1293","L1 8","gp",4,"c","0","-","-",6305,"L1",0.5,-0.5
"1300","L1 8","gp",5,"d","0","-","-",7006,"L1",0.5,0.5
"1307","L1 8","gp",13,"d","0","-","-",7778,"L1",0.5,0.5
"1314","L1 8","gp",2,"a","0","-","-",5274,"L1",-0.5,-0.5
"1318","L1 8","gp",15,"b","0","-","-",4925,"L1",-0.5,0.5
"1332","L1 8","gp",9,"d","0","-","-",8302,"L1",0.5,0.5
"1342","L1 8","gp",11,"b","0","-","-",3438,"L1",-0.5,0.5
"1349","L1 8","gp",19,"b","0","-","-",5899,"L1",-0.5,0.5
"1353","L1 8","gp",12,"c","0","-","-",7809,"L1",0.5,-0.5
"1356","L1 8","gp",3,"b","0","-","-",2689,"L1",-0.5,0.5
"1363","L1 8","gp",10,"a","0","-","-",7528,"L1",-0.5,-0.5
"1369","L1 8","gp",17,"d","0","-","-",4906,"L1",0.5,0.5
"1381","L1 8","gp",16,"c","0","-","-",8444,"L1",0.5,-0.5
"1388","L1 8","gp",18,"a","0","-","-",4533,"L1",-0.5,-0.5
"1391","L1 8","gp",8,"c","0","-","-",6370,"L1",0.5,-0.5
"1401","L1 8","gp",22,"a","0","-","-",6598,"L1",-0.5,-0.5
"1409","L1 8","gp",14,"a","0","-","-",4363,"L1",-0.5,-0.5
"1412","L1 8","gp",21,"d","0","-","-",8711,"L1",0.5,0.5
"1423","L1 8","gp",1,"d","0","-","-",4371,"L1",0.5,0.5
"1434","L1 8","gp",6,"a","0","-","-",7045,"L1",-0.5,-0.5
"1437","L1 8","gp",20,"c","0","-","-",6515,"L1",0.5,-0.5
"1455","L1 9","gp",6,"b","0","-","-",3668,"L1",-0.5,0.5
"1459","L1 9","gp",21,"a","0","-","-",3561,"L1",-0.5,-0.5
"1466","L1 9","gp",11,"c","0","-","-",3274,"L1",0.5,-0.5
"1469","L1 9","gp",9,"a","0","-","-",3906,"L1",-0.5,-0.5
"1475","L1 9","gp",15,"c","0","-","-",1759,"L1",0.5,-0.5
"1481","L1 9","gp",24,"d","0","-","-",2261,"L1",0.5,0.5
"1489","L1 9","gp",19,"c","0","-","-",3278,"L1",0.5,-0.5
"1498","L1 9","gp",16,"d","0","-","-",3657,"L1",0.5,0.5
"1509","L1 9","gp",12,"d","0","-","-",2346,"L1",0.5,0.5
"1515","L1 9","gp",17,"a","0","-","-",2438,"L1",-0.5,-0.5
"1519","L1 9","gp",8,"d","0","-","-",1924,"L1",0.5,0.5
"1528","L1 9","gp",23,"c","0","-","-",3034,"L1",0.5,-0.5
"1531","L1 9","gp",10,"b","0","-","-",2237,"L1",-0.5,0.5
"1539","L1 9","gp",2,"b","0","-","-",2298,"L1",-0.5,0.5
"1550","L1 9","gp",14,"b","0","-","-",1863,"L1",-0.5,0.5
"1560","L1 9","gp",20,"d","0","-","-",1826,"L1",0.5,0.5
"1568","L1 9","gp",3,"c","0","-","-",4858,"L1",0.5,-0.5
"1571","L1 9","gp",22,"b","0","-","-",4307,"L1",-0.5,0.5
"1589","L1 9","gp",4,"d","0","-","-",2224,"L1",0.5,0.5
"1597","L1 9","gp",18,"b","0","-","-",1731,"L1",-0.5,0.5
"1603","L1 9","gp",1,"a","0","-","-",5279,"L1",-0.5,-0.5
"1606","L1 9","gp",5,"a","0","-","-",1893,"L1",-0.5,-0.5
"1610","L1 9","gp",7,"c","0","-","-",1893,"L1",0.5,-0.5
"1614","L1 9","gp",13,"a","0","-","-",2852,"L1",-0.5,-0.5
"1634","L1 10","gp",23,"d","0","-","-",3322,"L1",0.5,0.5
"1637","L1 10","gp",19,"d","0","-","-",3324,"L1",0.5,0.5
"1644","L1 10","gp",1,"b","0","-","-",2786,"L1",-0.5,0.5
"1647","L1 10","gp",13,"b","0","-","-",3364,"L1",-0.5,0.5
"1654","L1 10","gp",11,"d","0","-","-",3327,"L1",0.5,0.5
"1662","L1 10","gp",3,"d","0","-","-",3137,"L1",0.5,0.5
"1669","L1 10","gp",20,"a","0","-","-",1933,"L1",-0.5,-0.5
"1682","L1 10","gp",7,"d","0","-","-",2838,"L1",0.5,0.5
"1694","L1 10","gp",5,"b","0","-","-",3016,"L1",-0.5,0.5
"1697","L1 10","gp",18,"c","0","-","-",2244,"L1",0.5,-0.5
"1704","L1 10","gp",10,"c","0","-","-",2871,"L1",0.5,-0.5
"1707","L1 10","gp",24,"a","0","-","-",3821,"L1",-0.5,-0.5
"1711","L1 10","gp",9,"b","0","-","-",2206,"L1",-0.5,0.5
"1717","L1 10","gp",2,"c","0","-","-",3470,"L1",0.5,-0.5
"1725","L1 10","gp",12,"a","0","-","-",4270,"L1",-0.5,-0.5
"1729","L1 10","gp",17,"b","0","-","-",2763,"L1",-0.5,0.5
"1733","L1 10","gp",22,"c","0","-","-",12641,"L1",0.5,-0.5
"1740","L1 10","gp",16,"a","0","-","-",2394,"L1",-0.5,-0.5
"1747","L1 10","gp",4,"a","0","-","-",2996,"L1",-0.5,-0.5
"1762","L1 10","gp",8,"a","0","-","-",3073,"L1",-0.5,-0.5
"1770","L1 10","gp",15,"d","0","-","-",4474,"L1",0.5,0.5
"1780","L1 10","gp",6,"c","0","-","-",7684,"L1",0.5,-0.5
"1794","L1 10","gp",21,"b","0","-","-",1074,"L1",-0.5,0.5
"1797","L1 10","gp",14,"c","0","-","-",2316,"L1",0.5,-0.5
"1815","L1 11","gp",19,"a","0","-","-",3279,"L1",-0.5,-0.5
"1821","L1 11","gp",11,"a","0","-","-",2995,"L1",-0.5,-0.5
"1827","L1 11","gp",7,"a","0","-","-",3600,"L1",-0.5,-0.5
"1837","L1 11","gp",8,"b","0","-","-",2706,"L1",-0.5,0.5
"1848","L1 11","gp",14,"d","0","-","-",3109,"L1",0.5,0.5
"1856","L1 11","gp",12,"b","0","-","-",2967,"L1",-0.5,0.5
"1859","L1 11","gp",15,"a","0","-","-",4749,"L1",-0.5,-0.5
"1867","L1 11","gp",24,"b","0","-","-",3191,"L1",-0.5,0.5
"1873","L1 11","gp",13,"c","0","-","-",4193,"L1",0.5,-0.5
"1876","L1 11","gp",23,"a","0","-","-",3415,"L1",-0.5,-0.5
"1880","L1 11","gp",16,"b","0","-","-",5233,"L1",-0.5,0.5
"1884","L1 11","gp",9,"c","0","-","-",4526,"L1",0.5,-0.5
"1891","L1 11","gp",17,"c","0","-","-",3022,"L1",0.5,-0.5
"1897","L1 11","gp",22,"d","0","-","-",3210,"L1",0.5,0.5
"1900","L1 11","gp",5,"c","0","-","-",5435,"L1",0.5,-0.5
"1904","L1 11","gp",21,"c","0","-","-",3656,"L1",0.5,-0.5
"1914","L1 11","gp",18,"d","0","-","-",1977,"L1",0.5,0.5
"1925","L1 11","gp",1,"c","0","-","-",4087,"L1",0.5,-0.5
"1936","L1 11","gp",20,"b","0","-","-",1941,"L1",-0.5,0.5
"1945","L1 11","gp",10,"d","0","-","-",4306,"L1",0.5,0.5
"1948","L1 11","gp",4,"b","0","-","-",2151,"L1",-0.5,0.5
"1956","L1 11","gp",2,"d","0","-","-",2578,"L1",0.5,0.5
"1966","L1 11","gp",3,"a","0","-","-",3701,"L1",-0.5,-0.5
"1977","L1 11","gp",6,"d","0","-","-",4051,"L1",0.5,0.5
"1994","L1 12","gp",13,"d","0","-","-",5306,"L1",0.5,0.5
"1997","L1 12","gp",5,"d","0","-","-",5089,"L1",0.5,0.5
"2004","L1 12","gp",1,"d","0","-","-",3199,"L1",0.5,0.5
"2010","L1 12","gp",3,"b","0","-","-",3676,"L1",-0.5,0.5
"2017","L1 12","gp",10,"a","0","-","-",9810,"L1",-0.5,-0.5
"2026","L1 12","gp",23,"b","0","-","-",2710,"L1",-0.5,0.5
"2033","L1 12","gp",19,"b","0","-","-",4359,"L1",-0.5,0.5
"2037","L1 12","gp",2,"a","0","-","-",5840,"L1",-0.5,-0.5
"2060","L1 12","gp",22,"a","0","-","-",3591,"L1",-0.5,-0.5
"2068","L1 12","gp",20,"c","0","-","-",5824,"L1",0.5,-0.5
"2072","L1 12","gp",11,"b","0","-","-",4620,"L1",-0.5,0.5
"2079","L1 12","gp",24,"c","0","-","-",3377,"L1",0.5,-0.5
"2086","L1 12","gp",18,"a","0","-","-",6482,"L1",-0.5,-0.5
"2093","L1 12","gp",4,"c","0","-","-",2373,"L1",0.5,-0.5
"2110","L1 12","gp",7,"b","0","-","-",2949,"L1",-0.5,0.5
"2113","L1 12","gp",8,"c","0","-","-",5621,"L1",0.5,-0.5
"2117","L1 12","gp",16,"c","0","-","-",3653,"L1",0.5,-0.5
"2120","L1 12","gp",14,"a","0","-","-",3988,"L1",-0.5,-0.5
"2130","L1 12","gp",21,"d","0","-","-",3360,"L1",0.5,0.5
"2134","L1 12","gp",17,"d","0","-","-",2369,"L1",0.5,0.5
"2137","L1 12","gp",12,"c","0","-","-",4045,"L1",0.5,-0.5
"2145","L1 12","gp",6,"a","0","-","-",5336,"L1",-0.5,-0.5
"2152","L1 12","gp",9,"d","0","-","-",2976,"L1",0.5,0.5
"2158","L1 12","gp",15,"b","0","-","-",2772,"L1",-0.5,0.5
"2175","L1 13","gp",24,"d","0","-","-",3708,"L1",0.5,0.5
"2179","L1 13","gp",12,"d","0","-","-",4317,"L1",0.5,0.5
"2190","L1 13","gp",4,"d","0","-","-",4336,"L1",0.5,0.5
"2198","L1 13","gp",7,"c","0","-","-",2347,"L1",0.5,-0.5
"2204","L1 13","gp",14,"b","0","-","-",3931,"L1",-0.5,0.5
"2212","L1 13","gp",8,"d","0","-","-",3724,"L1",0.5,0.5
"2218","L1 13","gp",2,"b","0","-","-",2731,"L1",-0.5,0.5
"2229","L1 13","gp",19,"c","0","-","-",3818,"L1",0.5,-0.5
"2232","L1 13","gp",16,"d","0","-","-",3495,"L1",0.5,0.5
"2239","L1 13","gp",21,"a","0","-","-",4732,"L1",-0.5,-0.5
"2246","L1 13","gp",11,"c","0","-","-",3735,"L1",0.5,-0.5
"2252","L1 13","gp",10,"b","0","-","-",3757,"L1",-0.5,0.5
"2258","L1 13","gp",23,"c","0","-","-",7727,"L1",0.5,-0.5
"2262","L1 13","gp",13,"a","0","-","-",9750,"L1",-0.5,-0.5
"2266","L1 13","gp",22,"b","0","-","-",4565,"L1",-0.5,0.5
"2269","L1 13","gp",9,"a","0","-","-",9058,"L1",-0.5,-0.5
"2272","L1 13","gp",1,"a","0","-","-",5611,"L1",-0.5,-0.5
"2275","L1 13","gp",20,"d","0","-","-",3348,"L1",0.5,0.5
"2282","L1 13","gp",15,"c","0","-","-",6835,"L1",0.5,-0.5
"2292","L1 13","gp",5,"a","0","-","-",6660,"L1",-0.5,-0.5
"2296","L1 13","gp",3,"c","0","-","-",9735,"L1",0.5,-0.5
"2303","L1 13","gp",18,"b","0","-","-",4987,"L1",-0.5,0.5
"2307","L1 13","gp",6,"b","0","-","-",4293,"L1",-0.5,0.5
"2313","L1 13","gp",17,"a","0","-","-",3640,"L1",-0.5,-0.5
"2355","L1 14","gp",19,"d","0","-","-",3836,"L1",0.5,0.5
"2362","L1 14","gp",11,"d","0","-","-",4360,"L1",0.5,0.5
"2372","L1 14","gp",17,"b","0","-","-",3997,"L1",-0.5,0.5
"2380","L1 14","gp",18,"c","0","-","-",4315,"L1",0.5,-0.5
"2383","L1 14","gp",8,"a","0","-","-",5357,"L1",-0.5,-0.5
"2390","L1 14","gp",15,"d","0","-","-",3051,"L1",0.5,0.5
"2396","L1 14","gp",23,"d","0","-","-",3345,"L1",0.5,0.5
"2407","L1 14","gp",21,"b","0","-","-",2738,"L1",-0.5,0.5
"2414","L1 14","gp",20,"a","0","-","-",3573,"L1",-0.5,-0.5
"2417","L1 14","gp",5,"b","0","-","-",3255,"L1",-0.5,0.5
"2421","L1 14","gp",2,"c","0","-","-",2647,"L1",0.5,-0.5
"2424","L1 14","gp",3,"d","0","-","-",2568,"L1",0.5,0.5
"2431","L1 14","gp",9,"b","0","-","-",2840,"L1",-0.5,0.5
"2435","L1 14","gp",13,"b","0","-","-",3863,"L1",-0.5,0.5
"2441","L1 14","gp",16,"a","0","-","-",4563,"L1",-0.5,-0.5
"2449","L1 14","gp",12,"a","0","-","-",3315,"L1",-0.5,-0.5
"2459","L1 14","gp",4,"a","0","-","-",2927,"L1",-0.5,-0.5
"2470","L1 14","gp",10,"c","0","-","-",3424,"L1",0.5,-0.5
"2478","L1 14","gp",6,"c","0","-","-",3587,"L1",0.5,-0.5
"2481","L1 14","gp",14,"c","0","-","-",3675,"L1",0.5,-0.5
"2488","L1 14","gp",7,"d","0","-","-",5155,"L1",0.5,0.5
"2496","L1 14","gp",1,"b","0","-","-",3050,"L1",-0.5,0.5
"2506","L1 14","gp",24,"a","0","-","-",3973,"L1",-0.5,-0.5
"2517","L1 14","gp",22,"c","0","-","-",3757,"L1",0.5,-0.5
"2538","L1 15","gp",22,"d","0","-","-",6875,"L1",0.5,0.5
"2545","L1 15","gp",1,"c","0","-","-",9016,"L1",0.5,-0.5
"2549","L1 15","gp",19,"a","0","-","-",9567,"L1",-0.5,-0.5
"2557","L1 15","gp",12,"b","0","-","-",7747,"L1",-0.5,0.5
"2560","L1 15","gp",21,"c","0","-","-",6262,"L1",0.5,-0.5
"2566","L1 15","gp",24,"b","0","-","-",5299,"L1",-0.5,0.5
"2577","L1 15","gp",3,"a","0","-","-",16421,"L1",-0.5,-0.5
"2583","L1 15","gp",11,"a","0","-","-",13614,"L1",-0.5,-0.5
"2587","L1 15","gp",4,"b","0","-","-",4202,"L1",-0.5,0.5
"2594","L1 15","gp",13,"c","0","-","-",9167,"L1",0.5,-0.5
"2600","L1 15","gp",16,"b","0","-","-",8364,"L1",-0.5,0.5
"2611","L1 15","gp",18,"d","0","-","-",4354,"L1",0.5,0.5
"2614","L1 15","gp",14,"d","0","-","-",5645,"L1",0.5,0.5
"2617","L1 15","gp",5,"c","0","-","-",17178,"L1",0.5,-0.5
"2621","L1 15","gp",6,"d","0","-","-",8383,"L1",0.5,0.5
"2625","L1 15","gp",8,"b","0","-","-",3421,"L1",-0.5,0.5
"2629","L1 15","gp",10,"d","0","-","-",5497,"L1",0.5,0.5
"2635","L1 15","gp",17,"c","0","-","-",10223,"L1",0.5,-0.5
"2643","L1 15","gp",7,"a","0","-","-",6290,"L1",-0.5,-0.5
"2646","L1 15","gp",23,"a","0","-","-",10488,"L1",-0.5,-0.5
"2663","L1 15","gp",9,"c","0","-","-",6153,"L1",0.5,-0.5
"2670","L1 15","gp",15,"a","0","-","-",3694,"L1",-0.5,-0.5
"2677","L1 15","gp",20,"b","0","-","-",2648,"L1",-0.5,0.5
"2681","L1 15","gp",2,"d","0","-","-",5971,"L1",0.5,0.5
"2725","L1 16","gp",10,"a","0","-","-",4524,"L1",-0.5,-0.5
"2731","L1 16","gp",5,"d","0","-","-",4040,"L1",0.5,0.5
"2738","L1 16","gp",15,"b","0","-","-",4251,"L1",-0.5,0.5
"2741","L1 16","gp",24,"c","0","-","-",3158,"L1",0.5,-0.5
"2752","L1 16","gp",19,"b","0","-","-",7410,"L1",-0.5,0.5
"2756","L1 16","gp",6,"a","0","-","-",3805,"L1",-0.5,-0.5
"2763","L1 16","gp",12,"c","0","-","-",3614,"L1",0.5,-0.5
"2767","L1 16","gp",18,"a","0","-","-",3677,"L1",-0.5,-0.5
"2789","L1 16","gp",3,"b","0","-","-",3760,"L1",-0.5,0.5
"2796","L1 16","gp",22,"a","0","-","-",5355,"L1",-0.5,-0.5
"2800","L1 16","gp",7,"b","0","-","-",4468,"L1",-0.5,0.5
"2803","L1 16","gp",13,"d","0","-","-",4049,"L1",0.5,0.5
"2806","L1 16","gp",17,"d","0","-","-",2797,"L1",0.5,0.5
"2812","L1 16","gp",1,"d","0","-","-",5589,"L1",0.5,0.5
"2819","L1 16","gp",16,"c","0","-","-",4981,"L1",0.5,-0.5
"2837","L1 16","gp",9,"d","0","-","-",4741,"L1",0.5,0.5
"2840","L1 16","gp",8,"c","0","-","-",3866,"L1",0.5,-0.5
"2844","L1 16","gp",14,"a","0","-","-",3651,"L1",-0.5,-0.5
"2849","L1 16","gp",23,"b","0","-","-",3232,"L1",-0.5,0.5
"2852","L1 16","gp",20,"c","0","-","-",2513,"L1",0.5,-0.5
"2856","L1 16","gp",2,"a","0","-","-",5219,"L1",-0.5,-0.5
"2864","L1 16","gp",21,"d","0","-","-",2825,"L1",0.5,0.5
"2870","L1 16","gp",11,"b","0","-","-",4147,"L1",-0.5,0.5
"2877","L1 16","gp",4,"c","0","-","-",4121,"L1",0.5,-0.5
"2894","L1 17","gp",13,"a","0","-","-",3656,"L1",-0.5,-0.5
"2901","L1 17","gp",12,"d","0","-","-",5807,"L1",0.5,0.5
"2904","L1 17","gp",14,"b","0","-","-",2691,"L1",-0.5,0.5
"2911","L1 17","gp",18,"b","0","-","-",3454,"L1",-0.5,0.5
"2914","L1 17","gp",9,"a","0","-","-",2565,"L1",-0.5,-0.5
"2925","L1 17","gp",15,"c","0","-","-",1971,"L1",0.5,-0.5
"2933","L1 17","gp",24,"d","0","-","-",3035,"L1",0.5,0.5
"2947","L1 17","gp",20,"d","0","-","-",2818,"L1",0.5,0.5
"2957","L1 17","gp",8,"d","0","-","-",4458,"L1",0.5,0.5
"2961","L1 17","gp",6,"b","0","-","-",5422,"L1",-0.5,0.5
"2969","L1 17","gp",21,"a","0","-","-",9630,"L1",-0.5,-0.5
"2981","L1 17","gp",10,"b","0","-","-",2921,"L1",-0.5,0.5
"2987","L1 17","gp",11,"c","0","-","-",2639,"L1",0.5,-0.5
"2994","L1 17","gp",1,"a","0","-","-",3317,"L1",-0.5,-0.5
"3005","L1 17","gp",3,"c","0","-","-",2439,"L1",0.5,-0.5
"3012","L1 17","gp",17,"a","0","-","-",4035,"L1",-0.5,-0.5
"3022","L1 17","gp",7,"c","0","-","-",3141,"L1",0.5,-0.5
"3028","L1 17","gp",5,"a","0","-","-",1802,"L1",-0.5,-0.5
"3032","L1 17","gp",16,"d","0","-","-",2596,"L1",0.5,0.5
"3038","L1 17","gp",19,"c","0","-","-",3044,"L1",0.5,-0.5
"3041","L1 17","gp",4,"d","0","-","-",3345,"L1",0.5,0.5
"3044","L1 17","gp",22,"b","0","-","-",2218,"L1",-0.5,0.5
"3051","L1 17","gp",2,"b","0","-","-",2380,"L1",-0.5,0.5
"3054","L1 17","gp",23,"c","0","-","-",16303,"L1",0.5,-0.5
"3075","L1 18","gp",9,"b","0","-","-",2759,"L1",-0.5,0.5
"3082","L1 18","gp",23,"d","0","-","-",1864,"L1",0.5,0.5
"3086","L1 18","gp",19,"d","0","-","-",2274,"L1",0.5,0.5
"3097","L1 18","gp",15,"d","0","-","-",1778,"L1",0.5,0.5
"3101","L1 18","gp",3,"d","0","-","-",1773,"L1",0.5,0.5
"3108","L1 18","gp",22,"c","0","-","-",4658,"L1",0.5,-0.5
"3112","L1 18","gp",24,"a","0","-","-",4417,"L1",-0.5,-0.5
"3119","L1 18","gp",17,"b","0","-","-",3013,"L1",-0.5,0.5
"3123","L1 18","gp",14,"c","0","-","-",3721,"L1",0.5,-0.5
"3128","L1 18","gp",12,"a","0","-","-",6309,"L1",-0.5,-0.5
"3135","L1 18","gp",6,"c","0","-","-",4209,"L1",0.5,-0.5
"3143","L1 18","gp",16,"a","0","-","-",5286,"L1",-0.5,-0.5
"3156","L1 18","gp",20,"a","0","-","-",7633,"L1",-0.5,-0.5
"3160","L1 18","gp",21,"b","0","-","-",877,"L1",-0.5,0.5
"3168","L1 18","gp",5,"b","0","-","-",2908,"L1",-0.5,0.5
"3171","L1 18","gp",18,"c","0","-","-",2083,"L1",0.5,-0.5
"3181","L1 18","gp",11,"d","0","-","-",2517,"L1",0.5,0.5
"3188","L1 18","gp",4,"a","0","-","-",6589,"L1",-0.5,-0.5
"3191","L1 18","gp",13,"b","0","-","-",2808,"L1",-0.5,0.5
"3203","L1 18","gp",7,"d","0","-","-",3509,"L1",0.5,0.5
"3207","L1 18","gp",8,"a","0","-","-",7195,"L1",-0.5,-0.5
"3224","L1 18","gp",1,"b","0","-","-",1771,"L1",-0.5,0.5
"3227","L1 18","gp",2,"c","0","-","-",5655,"L1",0.5,-0.5
"3230","L1 18","gp",10,"c","0","-","-",7755,"L1",0.5,-0.5
"3255","L1 19","gp",14,"d","0","-","-",5217,"L1",0.5,0.5
"3266","L1 19","gp",4,"b","0","-","-",4653,"L1",-0.5,0.5
"3274","L1 19","gp",19,"a","0","-","-",7414,"L1",-0.5,-0.5
"3277","L1 19","gp",1,"c","0","-","-",4760,"L1",0.5,-0.5
"3284","L1 19","gp",21,"c","0","-","-",5392,"L1",0.5,-0.5
"3296","L1 19","gp",12,"b","0","-","-",4163,"L1",-0.5,0.5
"3301","L1 19","gp",17,"c","0","-","-",5031,"L1",0.5,-0.5
"3305","L1 19","gp",24,"b","0","-","-",4785,"L1",-0.5,0.5
"3311","L1 19","gp",5,"c","0","-","-",3847,"L1",0.5,-0.5
"3322","L1 19","gp",10,"d","0","-","-",6470,"L1",0.5,0.5
"3330","L1 19","gp",6,"d","0","-","-",6106,"L1",0.5,0.5
"3333","L1 19","gp",9,"c","0","-","-",3401,"L1",0.5,-0.5
"3343","L1 19","gp",3,"a","0","-","-",7188,"L1",-0.5,-0.5
"3349","L1 19","gp",11,"a","0","-","-",3651,"L1",-0.5,-0.5
"3357","L1 19","gp",16,"b","0","-","-",4013,"L1",-0.5,0.5
"3360","L1 19","gp",8,"b","0","-","-",2766,"L1",-0.5,0.5
"3364","L1 19","gp",7,"a","0","-","-",4474,"L1",-0.5,-0.5
"3375","L1 19","gp",20,"b","0","-","-",5079,"L1",-0.5,0.5
"3381","L1 19","gp",18,"d","0","-","-",4576,"L1",0.5,0.5
"3392","L1 19","gp",23,"a","0","-","-",4597,"L1",-0.5,-0.5
"3395","L1 19","gp",13,"c","0","-","-",5243,"L1",0.5,-0.5
"3398","L1 19","gp",2,"d","0","-","-",6721,"L1",0.5,0.5
"3405","L1 19","gp",22,"d","0","-","-",4416,"L1",0.5,0.5
"3415","L1 19","gp",15,"a","0","-","-",3906,"L1",-0.5,-0.5
"3434","L1 20","gp",13,"d","0","-","-",3209,"L1",0.5,0.5
"3440","L1 20","gp",11,"b","0","-","-",2245,"L1",-0.5,0.5
"3451","L1 20","gp",5,"d","0","-","-",4684,"L1",0.5,0.5
"3454","L1 20","gp",22,"a","0","-","-",5203,"L1",-0.5,-0.5
"3462","L1 20","gp",8,"c","0","-","-",4714,"L1",0.5,-0.5
"3477","L1 20","gp",10,"a","0","-","-",4291,"L1",-0.5,-0.5
"3484","L1 20","gp",4,"c","0","-","-",8783,"L1",0.5,-0.5
"3491","L1 20","gp",20,"c","0","-","-",4746,"L1",0.5,-0.5
"3498","L1 20","gp",9,"d","0","-","-",2652,"L1",0.5,0.5
"3506","L1 20","gp",23,"b","0","-","-",2728,"L1",-0.5,0.5
"3515","L1 20","gp",12,"c","0","-","-",10695,"L1",0.5,-0.5
"3522","L1 20","gp",24,"c","0","-","-",28067,"L1",0.5,-0.5
"3526","L1 20","gp",3,"b","0","-","-",5598,"L1",-0.5,0.5
"3530","L1 20","gp",7,"b","0","-","-",4463,"L1",-0.5,0.5
"3535","L1 20","gp",21,"d","0","-","-",4233,"L1",0.5,0.5
"3546","L1 20","gp",17,"d","0","-","-",4506,"L1",0.5,0.5
"3553","L1 20","gp",18,"a","0","-","-",7795,"L1",-0.5,-0.5
"3559","L1 20","gp",6,"a","0","-","-",4850,"L1",-0.5,-0.5
"3566","L1 20","gp",16,"c","0","-","-",16095,"L1",0.5,-0.5
"3576","L1 20","gp",2,"a","0","-","-",6518,"L1",-0.5,-0.5
"3580","L1 20","gp",14,"a","0","-","-",5433,"L1",-0.5,-0.5
"3588","L1 20","gp",1,"d","0","-","-",3457,"L1",0.5,0.5
"3595","L1 20","gp",15,"b","0","-","-",2865,"L1",-0.5,0.5
"3598","L1 20","gp",19,"b","0","-","-",3479,"L1",-0.5,0.5
"3617","L1 21","gp",9,"a","0","-","-",2580,"L1",-0.5,-0.5
"3624","L1 21","gp",18,"b","0","-","-",2214,"L1",-0.5,0.5
"3631","L1 21","gp",20,"d","0","-","-",2122,"L1",0.5,0.5
"3634","L1 21","gp",13,"a","0","-","-",4523,"L1",-0.5,-0.5
"3640","L1 21","gp",8,"d","0","-","-",2125,"L1",0.5,0.5
"3647","L1 21","gp",24,"d","0","-","-",6515,"L1",0.5,0.5
"3654","L1 21","gp",2,"b","0","-","-",2739,"L1",-0.5,0.5
"3658","L1 21","gp",21,"a","0","-","-",4939,"L1",-0.5,-0.5
"3665","L1 21","gp",19,"c","0","-","-",3773,"L1",0.5,-0.5
"3686","L1 21","gp",1,"a","0","-","-",6184,"L1",-0.5,-0.5
"3689","L1 21","gp",16,"d","0","-","-",5616,"L1",0.5,0.5
"3713","L1 21","gp",22,"b","0","-","-",3834,"L1",-0.5,0.5
"3721","L1 21","gp",10,"b","0","-","-",3297,"L1",-0.5,0.5
"3725","L1 21","gp",15,"c","0","-","-",4493,"L1",0.5,-0.5
"3732","L1 21","gp",4,"d","0","-","-",1970,"L1",0.5,0.5
"3736","L1 21","gp",3,"c","0","-","-",7952,"L1",0.5,-0.5
"3739","L1 21","gp",12,"d","0","-","-",6548,"L1",0.5,0.5
"3746","L1 21","gp",23,"c","0","-","-",4574,"L1",0.5,-0.5
"3750","L1 21","gp",11,"c","0","-","-",2398,"L1",0.5,-0.5
"3756","L1 21","gp",6,"b","0","-","-",2052,"L1",-0.5,0.5
"3760","L1 21","gp",5,"a","0","-","-",2192,"L1",-0.5,-0.5
"3763","L1 21","gp",17,"a","0","-","-",4294,"L1",-0.5,-0.5
"3767","L1 21","gp",14,"b","0","-","-",4558,"L1",-0.5,0.5
"3774","L1 21","gp",7,"c","0","-","-",1868,"L1",0.5,-0.5
"3801","L1 22","gp",2,"c","0","-","-",8608,"L1",0.5,-0.5
"3821","L1 22","gp",5,"b","0","-","-",4645,"L1",-0.5,0.5
"3825","L1 22","gp",3,"d","0","-","-",3935,"L1",0.5,0.5
"3839","L1 22","gp",8,"a","0","-","-",8299,"L1",-0.5,-0.5
"3851","L1 22","gp",9,"b","0","-","-",4219,"L1",-0.5,0.5
"3858","L1 22","gp",22,"c","0","-","-",17700,"L1",0.5,-0.5
"3866","L1 22","gp",24,"a","0","-","-",7675,"L1",-0.5,-0.5
"3869","L1 22","gp",12,"a","0","-","-",10630,"L1",-0.5,-0.5
"3874","L1 22","gp",17,"b","0","-","-",4517,"L1",-0.5,0.5
"3881","L1 22","gp",1,"b","0","-","-",4965,"L1",-0.5,0.5
"3888","L1 22","gp",14,"c","0","-","-",9244,"L1",0.5,-0.5
"3892","L1 22","gp",19,"d","0","-","-",8499,"L1",0.5,0.5
"3898","L1 22","gp",10,"c","0","-","-",4158,"L1",0.5,-0.5
"3901","L1 22","gp",7,"d","0","-","-",3619,"L1",0.5,0.5
"3904","L1 22","gp",23,"d","0","-","-",3656,"L1",0.5,0.5
"3908","L1 22","gp",15,"d","0","-","-",4311,"L1",0.5,0.5
"3911","L1 22","gp",21,"b","0","-","-",3067,"L1",-0.5,0.5
"3919","L1 22","gp",16,"a","0","-","-",8139,"L1",-0.5,-0.5
"3929","L1 22","gp",6,"c","0","-","-",5049,"L1",0.5,-0.5
"3933","L1 22","gp",11,"d","0","-","-",4548,"L1",0.5,0.5
"3940","L1 22","gp",18,"c","0","-","-",3354,"L1",0.5,-0.5
"3944","L1 22","gp",13,"b","0","-","-",4472,"L1",-0.5,0.5
"3955","L1 22","gp",20,"a","0","-","-",6009,"L1",-0.5,-0.5
"3958","L1 22","gp",4,"a","0","-","-",5010,"L1",-0.5,-0.5
"3975","L1 23","gp",13,"c","0","-","-",6109,"L1",0.5,-0.5
"3978","L1 23","gp",10,"d","0","-","-",5786,"L1",0.5,0.5
"3981","L1 23","gp",22,"d","0","-","-",8647,"L1",0.5,0.5
"3989","L1 23","gp",4,"b","0","-","-",3640,"L1",-0.5,0.5
"3994","L1 23","gp",12,"b","0","-","-",3596,"L1",-0.5,0.5
"4000","L1 23","gp",7,"a","0","-","-",6295,"L1",-0.5,-0.5
"4004","L1 23","gp",6,"d","0","-","-",9448,"L1",0.5,0.5
"4019","L1 23","gp",23,"a","0","-","-",14215,"L1",-0.5,-0.5
"4023","L1 23","gp",21,"c","0","-","-",7558,"L1",0.5,-0.5
"4027","L1 23","gp",19,"a","0","-","-",3941,"L1",-0.5,-0.5
"4030","L1 23","gp",5,"c","0","-","-",10955,"L1",0.5,-0.5
"4033","L1 23","gp",15,"a","0","-","-",7899,"L1",-0.5,-0.5
"4037","L1 23","gp",2,"d","0","-","-",4539,"L1",0.5,0.5
"4048","L1 23","gp",11,"a","0","-","-",4049,"L1",-0.5,-0.5
"4051","L1 23","gp",1,"c","0","-","-",5365,"L1",0.5,-0.5
"4065","L1 23","gp",24,"b","0","-","-",3023,"L1",-0.5,0.5
"4073","L1 23","gp",8,"b","0","-","-",4053,"L1",-0.5,0.5
"4079","L1 23","gp",3,"a","0","-","-",7934,"L1",-0.5,-0.5
"4085","L1 23","gp",20,"b","0","-","-",2366,"L1",-0.5,0.5
"4107","L1 23","gp",17,"c","0","-","-",5659,"L1",0.5,-0.5
"4120","L1 23","gp",14,"d","0","-","-",9744,"L1",0.5,0.5
"4127","L1 23","gp",18,"d","0","-","-",2238,"L1",0.5,0.5
"4131","L1 23","gp",9,"c","0","-","-",4366,"L1",0.5,-0.5
"4137","L1 23","gp",16,"b","0","-","-",11150,"L1",-0.5,0.5
"4159","L1 24","gp",22,"a","0","-","-",8811,"L1",-0.5,-0.5
"4167","L1 24","gp",18,"a","0","-","-",5449,"L1",-0.5,-0.5
"4170","L1 24","gp",2,"a","0","-","-",3021,"L1",-0.5,-0.5
"4185","L1 24","gp",12,"c","0","-","-",4046,"L1",0.5,-0.5
"4194","L1 24","gp",17,"d","0","-","-",2772,"L1",0.5,0.5
"4202","L1 24","gp",20,"c","0","-","-",5106,"L1",0.5,-0.5
"4205","L1 24","gp",6,"a","0","-","-",4375,"L1",-0.5,-0.5
"4208","L1 24","gp",23,"b","0","-","-",3329,"L1",-0.5,0.5
"4215","L1 24","gp",4,"c","0","-","-",3122,"L1",0.5,-0.5
"4218","L1 24","gp",1,"d","0","-","-",2708,"L1",0.5,0.5
"4226","L1 24","gp",16,"c","0","-","-",3601,"L1",0.5,-0.5
"4232","L1 24","gp",15,"b","0","-","-",2498,"L1",-0.5,0.5
"4236","L1 24","gp",14,"a","0","-","-",4050,"L1",-0.5,-0.5
"4252","L1 24","gp",9,"d","0","-","-",3887,"L1",0.5,0.5
"4256","L1 24","gp",3,"b","0","-","-",3129,"L1",-0.5,0.5
"4263","L1 24","gp",5,"d","0","-","-",3305,"L1",0.5,0.5
"4270","L1 24","gp",21,"d","0","-","-",3094,"L1",0.5,0.5
"4277","L1 24","gp",8,"c","0","-","-",3411,"L1",0.5,-0.5
"4285","L1 24","gp",24,"c","0","-","-",3472,"L1",0.5,-0.5
"4288","L1 24","gp",11,"b","0","-","-",2735,"L1",-0.5,0.5
"4299","L1 24","gp",13,"d","0","-","-",4850,"L1",0.5,0.5
"4307","L1 24","gp",19,"b","0","-","-",5292,"L1",-0.5,0.5
"4311","L1 24","gp",7,"b","0","-","-",4885,"L1",-0.5,0.5
"4318","L1 24","gp",10,"a","0","-","-",6430,"L1",-0.5,-0.5
"4338","L1 25","gp",3,"c","0","-","-",5316,"L1",0.5,-0.5
"4341","L1 25","gp",21,"a","0","-","-",4257,"L1",-0.5,-0.5
"4350","L1 25","gp",5,"a","0","-","-",2335,"L1",-0.5,-0.5
"4360","L1 25","gp",15,"c","0","-","-",3403,"L1",0.5,-0.5
"4370","L1 25","gp",9,"a","0","-","-",2722,"L1",-0.5,-0.5
"4373","L1 25","gp",14,"b","0","-","-",3493,"L1",-0.5,0.5
"4390","L1 25","gp",17,"a","0","-","-",2855,"L1",-0.5,-0.5
"4394","L1 25","gp",4,"d","0","-","-",4053,"L1",0.5,0.5
"4397","L1 25","gp",13,"a","0","-","-",4293,"L1",-0.5,-0.5
"4400","L1 25","gp",19,"c","0","-","-",4640,"L1",0.5,-0.5
"4408","L1 25","gp",18,"b","0","-","-",2474,"L1",-0.5,0.5
"4415","L1 25","gp",22,"b","0","-","-",2870,"L1",-0.5,0.5
"4422","L1 25","gp",10,"b","0","-","-",4318,"L1",-0.5,0.5
"4426","L1 25","gp",1,"a","0","-","-",3746,"L1",-0.5,-0.5
"4433","L1 25","gp",23,"c","0","-","-",5005,"L1",0.5,-0.5
"4436","L1 25","gp",24,"d","0","-","-",5423,"L1",0.5,0.5
"4446","L1 25","gp",6,"b","0","-","-",4050,"L1",-0.5,0.5
"4450","L1 25","gp",16,"d","0","-","-",3380,"L1",0.5,0.5
"4453","L1 25","gp",12,"d","0","-","-",3362,"L1",0.5,0.5
"4459","L1 25","gp",2,"b","0","-","-",4232,"L1",-0.5,0.5
"4471","L1 25","gp",7,"c","0","-","-",5008,"L1",0.5,-0.5
"4479","L1 25","gp",8,"d","0","-","-",3300,"L1",0.5,0.5
"4486","L1 25","gp",20,"d","0","-","-",2407,"L1",0.5,0.5
"4494","L1 25","gp",11,"c","0","-","-",3167,"L1",0.5,-0.5
"4519","L1 26","gp",23,"d","0","-","-",4518,"L1",0.5,0.5
"4523","L1 26","gp",8,"a","0","-","-",12210,"L1",-0.5,-0.5
"4527","L1 26","gp",7,"d","0","-","-",7320,"L1",0.5,0.5
"4531","L1 26","gp",24,"a","0","-","-",6212,"L1",-0.5,-0.5
"4539","L1 26","gp",14,"c","0","-","-",3452,"L1",0.5,-0.5
"4546","L1 26","gp",19,"d","0","-","-",4238,"L1",0.5,0.5
"4557","L1 26","gp",21,"b","0","-","-",5064,"L1",-0.5,0.5
"4561","L1 26","gp",20,"a","0","-","-",4910,"L1",-0.5,-0.5
"4579","L1 26","gp",11,"d","0","-","-",2654,"L1",0.5,0.5
"4586","L1 26","gp",9,"b","0","-","-",6715,"L1",-0.5,0.5
"4590","L1 26","gp",16,"a","0","-","-",12410,"L1",-0.5,-0.5
"4603","L1 26","gp",13,"b","0","-","-",2687,"L1",-0.5,0.5
"4612","L1 26","gp",17,"b","0","-","-",4627,"L1",-0.5,0.5
"4616","L1 26","gp",4,"a","0","-","-",4113,"L1",-0.5,-0.5
"4623","L1 26","gp",18,"c","0","-","-",7001,"L1",0.5,-0.5
"4626","L1 26","gp",5,"b","0","-","-",2877,"L1",-0.5,0.5
"4629","L1 26","gp",22,"c","0","-","-",3618,"L1",0.5,-0.5
"4638","L1 26","gp",2,"c","0","-","-",4624,"L1",0.5,-0.5
"4645","L1 26","gp",1,"b","0","-","-",2869,"L1",-0.5,0.5
"4648","L1 26","gp",3,"d","0","-","-",6252,"L1",0.5,0.5
"4652","L1 26","gp",12,"a","0","-","-",6372,"L1",-0.5,-0.5
"4666","L1 26","gp",15,"d","0","-","-",2383,"L1",0.5,0.5
"4674","L1 26","gp",6,"c","0","-","-",4526,"L1",0.5,-0.5
"4677","L1 26","gp",10,"c","0","-","-",3113,"L1",0.5,-0.5
"4697","L1 27","gp",10,"d","0","-","-",4541,"L1",0.5,0.5
"4701","L1 27","gp",7,"a","0","-","-",7266,"L1",-0.5,-0.5
"4711","L1 27","gp",6,"d","0","-","-",5375,"L1",0.5,0.5
"4714","L1 27","gp",11,"a","0","-","-",2982,"L1",-0.5,-0.5
"4725","L1 27","gp",21,"c","0","-","-",4581,"L1",0.5,-0.5
"4732","L1 27","gp",24,"b","0","-","-",6257,"L1",-0.5,0.5
"4739","L1 27","gp",13,"c","0","-","-",2277,"L1",0.5,-0.5
"4746","L1 27","gp",23,"a","0","-","-",2624,"L1",-0.5,-0.5
"4749","L1 27","gp",4,"b","0","-","-",3227,"L1",-0.5,0.5
"4756","L1 27","gp",14,"d","0","-","-",8302,"L1",0.5,0.5
"4762","L1 27","gp",15,"a","0","-","-",3505,"L1",-0.5,-0.5
"4773","L1 27","gp",16,"b","0","-","-",2323,"L1",-0.5,0.5
"4780","L1 27","gp",20,"b","0","-","-",3459,"L1",-0.5,0.5
"4788","L1 27","gp",12,"b","0","-","-",6684,"L1",-0.5,0.5
"4796","L1 27","gp",9,"c","0","-","-",4649,"L1",0.5,-0.5
"4799","L1 27","gp",2,"d","0","-","-",4194,"L1",0.5,0.5
"4822","L1 27","gp",18,"d","0","-","-",4939,"L1",0.5,0.5
"4825","L1 27","gp",22,"d","0","-","-",1946,"L1",0.5,0.5
"4829","L1 27","gp",5,"c","0","-","-",4068,"L1",0.5,-0.5
"4836","L1 27","gp",17,"c","0","-","-",1799,"L1",0.5,-0.5
"4842","L1 27","gp",8,"b","0","-","-",1623,"L1",-0.5,0.5
"4850","L1 27","gp",1,"c","0","-","-",1820,"L1",0.5,-0.5
"4854","L1 27","gp",19,"a","0","-","-",2235,"L1",-0.5,-0.5
"4858","L1 27","gp",3,"a","0","-","-",2434,"L1",-0.5,-0.5
"4881","L1 28","gp",20,"c","0","-","-",3569,"L1",0.5,-0.5
"4889","L1 28","gp",6,"a","0","-","-",6367,"L1",-0.5,-0.5
"4896","L1 28","gp",11,"b","0","-","-",2479,"L1",-0.5,0.5
"4900","L1 28","gp",13,"d","0","-","-",3549,"L1",0.5,0.5
"4907","L1 28","gp",7,"b","0","-","-",5299,"L1",-0.5,0.5
"4911","L1 28","gp",10,"a","0","-","-",5855,"L1",-0.5,-0.5
"4922","L1 28","gp",24,"c","0","-","-",5128,"L1",0.5,-0.5
"4928","L1 28","gp",4,"c","0","-","-",8907,"L1",0.5,-0.5
"4939","L1 28","gp",2,"a","0","-","-",6437,"L1",-0.5,-0.5
"4942","L1 28","gp",3,"b","0","-","-",3234,"L1",-0.5,0.5
"4950","L1 28","gp",23,"b","0","-","-",2832,"L1",-0.5,0.5
"4957","L1 28","gp",16,"c","0","-","-",4391,"L1",0.5,-0.5
"4960","L1 28","gp",8,"c","0","-","-",4639,"L1",0.5,-0.5
"4970","L1 28","gp",22,"a","0","-","-",5810,"L1",-0.5,-0.5
"4973","L1 28","gp",17,"d","0","-","-",2109,"L1",0.5,0.5
"4976","L1 28","gp",12,"c","0","-","-",4532,"L1",0.5,-0.5
"4983","L1 28","gp",1,"d","0","-","-",2288,"L1",0.5,0.5
"4989","L1 28","gp",14,"a","0","-","-",5018,"L1",-0.5,-0.5
"4992","L1 28","gp",15,"b","0","-","-",2442,"L1",-0.5,0.5
"4999","L1 28","gp",19,"b","0","-","-",6716,"L1",-0.5,0.5
"5007","L1 28","gp",21,"d","0","-","-",3674,"L1",0.5,0.5
"5015","L1 28","gp",9,"d","0","-","-",2732,"L1",0.5,0.5
"5028","L1 28","gp",18,"a","0","-","-",3881,"L1",-0.5,-0.5
"5037","L1 28","gp",5,"d","0","-","-",1955,"L1",0.5,0.5
"5054","L1 29","gp",7,"c","0","-","-",3982,"L1",0.5,-0.5
"5061","L1 29","gp",18,"b","0","-","-",3145,"L1",-0.5,0.5
"5068","L1 29","gp",20,"d","0","-","-",4383,"L1",0.5,0.5
"5072","L1 29","gp",17,"a","0","-","-",4910,"L1",-0.5,-0.5
"5076","L1 29","gp",5,"a","0","-","-",6492,"L1",-0.5,-0.5
"5080","L1 29","gp",8,"d","0","-","-",3367,"L1",0.5,0.5
"5091","L1 29","gp",24,"d","0","-","-",4144,"L1",0.5,0.5
"5099","L1 29","gp",16,"d","0","-","-",3153,"L1",0.5,0.5
"5105","L1 29","gp",3,"c","0","-","-",8698,"L1",0.5,-0.5
"5112","L1 29","gp",22,"b","0","-","-",3378,"L1",-0.5,0.5
"5124","L1 29","gp",9,"a","0","-","-",5489,"L1",-0.5,-0.5
"5131","L1 29","gp",4,"d","0","-","-",3388,"L1",0.5,0.5
"5134","L1 29","gp",2,"b","0","-","-",2715,"L1",-0.5,0.5
"5137","L1 29","gp",12,"d","0","-","-",2277,"L1",0.5,0.5
"5148","L1 29","gp",13,"a","0","-","-",3059,"L1",-0.5,-0.5
"5154","L1 29","gp",21,"a","0","-","-",2956,"L1",-0.5,-0.5
"5161","L1 29","gp",19,"c","0","-","-",4287,"L1",0.5,-0.5
"5168","L1 29","gp",14,"b","0","-","-",3845,"L1",-0.5,0.5
"5175","L1 29","gp",23,"c","0","-","-",4328,"L1",0.5,-0.5
"5183","L1 29","gp",6,"b","0","-","-",3286,"L1",-0.5,0.5
"5198","L1 29","gp",11,"c","0","-","-",4085,"L1",0.5,-0.5
"5201","L1 29","gp",15,"c","0","-","-",2760,"L1",0.5,-0.5
"5211","L1 29","gp",1,"a","0","-","-",3963,"L1",-0.5,-0.5
"5215","L1 29","gp",10,"b","0","-","-",2792,"L1",-0.5,0.5
"5238","L1 30","gp",3,"d","0","-","-",3549,"L1",0.5,0.5
"5246","L1 30","gp",15,"d","0","-","-",3726,"L1",0.5,0.5
"5262","L1 30","gp",17,"b","0","-","-",2673,"L1",-0.5,0.5
"5268","L1 30","gp",24,"a","0","-","-",7638,"L1",-0.5,-0.5
"5276","L1 30","gp",14,"c","0","-","-",4023,"L1",0.5,-0.5
"5281","L1 30","gp",10,"c","0","-","-",7041,"L1",0.5,-0.5
"5285","L1 30","gp",6,"c","0","-","-",3892,"L1",0.5,-0.5
"5289","L1 30","gp",8,"a","0","-","-",5681,"L1",-0.5,-0.5
"5295","L1 30","gp",7,"d","0","-","-",3379,"L1",0.5,0.5
"5302","L1 30","gp",11,"d","0","-","-",2901,"L1",0.5,0.5
"5305","L1 30","gp",23,"d","0","-","-",2177,"L1",0.5,0.5
"5308","L1 30","gp",5,"b","0","-","-",3146,"L1",-0.5,0.5
"5311","L1 30","gp",4,"a","0","-","-",5827,"L1",-0.5,-0.5
"5320","L1 30","gp",12,"a","0","-","-",9650,"L1",-0.5,-0.5
"5324","L1 30","gp",20,"a","0","-","-",5589,"L1",-0.5,-0.5
"5328","L1 30","gp",2,"c","0","-","-",5786,"L1",0.5,-0.5
"5332","L1 30","gp",1,"b","0","-","-",2165,"L1",-0.5,0.5
"5340","L1 30","gp",22,"c","0","-","-",2409,"L1",0.5,-0.5
"5354","L1 30","gp",9,"b","0","-","-",2974,"L1",-0.5,0.5
"5365","L1 30","gp",19,"d","0","-","-",4058,"L1",0.5,0.5
"5368","L1 30","gp",18,"c","0","-","-",5739,"L1",0.5,-0.5
"5383","L1 30","gp",13,"b","0","-","-",3446,"L1",-0.5,0.5
"5390","L1 30","gp",21,"b","0","-","-",1799,"L1",-0.5,0.5
"5394","L1 30","gp",16,"a","0","-","-",5021,"L1",-0.5,-0.5
"5417","L1 31","gp",7,"a","0","-","-",5438,"L1",-0.5,-0.5
"5425","L1 31","gp",12,"b","0","-","-",8829,"L1",-0.5,0.5
"5432","L1 31","gp",3,"a","0","-","-",4864,"L1",-0.5,-0.5
"5438","L1 31","gp",20,"b","0","-","-",4131,"L1",-0.5,0.5
"5444","L1 31","gp",2,"d","0","-","-",4206,"L1",0.5,0.5
"5451","L1 31","gp",14,"d","0","-","-",4653,"L1",0.5,0.5
"5456","L1 31","gp",4,"b","0","-","-",4881,"L1",-0.5,0.5
"5464","L1 31","gp",16,"b","0","-","-",4558,"L1",-0.5,0.5
"5470","L1 31","gp",15,"a","0","-","-",4768,"L1",-0.5,-0.5
"5478","L1 31","gp",24,"b","0","-","-",6422,"L1",-0.5,0.5
"5490","L1 31","gp",19,"a","0","-","-",6249,"L1",-0.5,-0.5
"5496","L1 31","gp",13,"c","0","-","-",3742,"L1",0.5,-0.5
"5500","L1 31","gp",17,"c","0","-","-",4013,"L1",0.5,-0.5
"5511","L1 31","gp",1,"c","0","-","-",5939,"L1",0.5,-0.5
"5515","L1 31","gp",8,"b","0","-","-",2706,"L1",-0.5,0.5
"5525","L1 31","gp",22,"d","0","-","-",4566,"L1",0.5,0.5
"5532","L1 31","gp",23,"a","0","-","-",3256,"L1",-0.5,-0.5
"5535","L1 31","gp",6,"d","0","-","-",9120,"L1",0.5,0.5
"5538","L1 31","gp",9,"c","0","-","-",4972,"L1",0.5,-0.5
"5544","L1 31","gp",18,"d","0","-","-",4480,"L1",0.5,0.5
"5551","L1 31","gp",21,"c","0","-","-",2693,"L1",0.5,-0.5
"5562","L1 31","gp",11,"a","0","-","-",5626,"L1",-0.5,-0.5
"5566","L1 31","gp",5,"c","0","-","-",2973,"L1",0.5,-0.5
"5574","L1 31","gp",10,"d","0","-","-",4720,"L1",0.5,0.5
"5594","L1 32","gp",24,"c","0","-","-",4583,"L1",0.5,-0.5
"5597","L1 32","gp",7,"b","0","-","-",3259,"L1",-0.5,0.5
"5604","L1 32","gp",5,"d","0","-","-",4650,"L1",0.5,0.5
"5621","L1 32","gp",3,"b","0","-","-",6506,"L1",-0.5,0.5
"5625","L1 32","gp",17,"d","0","-","-",2183,"L1",0.5,0.5
"5636","L1 32","gp",20,"c","0","-","-",5318,"L1",0.5,-0.5
"5640","L1 32","gp",2,"a","0","-","-",4494,"L1",-0.5,-0.5
"5646","L1 32","gp",8,"c","0","-","-",5775,"L1",0.5,-0.5
"5652","L1 32","gp",16,"c","0","-","-",3488,"L1",0.5,-0.5
"5662","L1 32","gp",10,"a","0","-","-",6982,"L1",-0.5,-0.5
"5665","L1 32","gp",9,"d","0","-","-",6477,"L1",0.5,0.5
"5668","L1 32","gp",15,"b","0","-","-",2459,"L1",-0.5,0.5
"5671","L1 32","gp",23,"b","0","-","-",2020,"L1",-0.5,0.5
"5689","L1 32","gp",21,"d","0","-","-",3396,"L1",0.5,0.5
"5692","L1 32","gp",13,"d","0","-","-",1746,"L1",0.5,0.5
"5703","L1 32","gp",22,"a","0","-","-",4824,"L1",-0.5,-0.5
"5706","L1 32","gp",4,"c","0","-","-",3550,"L1",0.5,-0.5
"5714","L1 32","gp",1,"d","0","-","-",4376,"L1",0.5,0.5
"5722","L1 32","gp",19,"b","0","-","-",9594,"L1",-0.5,0.5
"5729","L1 32","gp",18,"a","0","-","-",2859,"L1",-0.5,-0.5
"5735","L1 32","gp",12,"c","0","-","-",4079,"L1",0.5,-0.5
"5742","L1 32","gp",6,"a","0","-","-",6149,"L1",-0.5,-0.5
"5754","L1 32","gp",11,"b","0","-","-",2303,"L1",-0.5,0.5
"5758","L1 32","gp",14,"a","0","-","-",4585,"L1",-0.5,-0.5
"5786","L1 33","gp",23,"c","0","-","-",9069,"L1",0.5,-0.5
"5790","L1 33","gp",2,"b","0","-","-",5224,"L1",-0.5,0.5
"5798","L1 33","gp",6,"b","0","-","-",7598,"L1",-0.5,0.5
"5809","L1 33","gp",20,"d","0","-","-",3908,"L1",0.5,0.5
"5812","L1 33","gp",4,"d","0","-","-",11847,"L1",0.5,0.5
"5819","L1 33","gp",13,"a","0","-","-",4001,"L1",-0.5,-0.5
"5826","L1 33","gp",7,"c","0","-","-",6204,"L1",0.5,-0.5
"5838","L1 33","gp",19,"c","0","-","-",12757,"L1",0.5,-0.5
"5841","L1 33","gp",21,"a","0","-","-",5152,"L1",-0.5,-0.5
"5844","L1 33","gp",9,"a","0","-","-",3534,"L1",-0.5,-0.5
"5854","L1 33","gp",8,"d","0","-","-",2038,"L1",0.5,0.5
"5857","L1 33","gp",15,"c","0","-","-",10018,"L1",0.5,-0.5
"5864","L1 33","gp",22,"b","0","-","-",4417,"L1",-0.5,0.5
"5871","L1 33","gp",5,"a","0","-","-",3935,"L1",-0.5,-0.5
"5877","L1 33","gp",3,"c","0","-","-",2572,"L1",0.5,-0.5
"5881","L1 33","gp",17,"a","0","-","-",4870,"L1",-0.5,-0.5
"5889","L1 33","gp",24,"d","0","-","-",7964,"L1",0.5,0.5
"5895","L1 33","gp",11,"c","0","-","-",4379,"L1",0.5,-0.5
"5898","L1 33","gp",12,"d","0","-","-",4882,"L1",0.5,0.5
"5901","L1 33","gp",18,"b","0","-","-",2620,"L1",-0.5,0.5
"5905","L1 33","gp",1,"a","0","-","-",4386,"L1",-0.5,-0.5
"5920","L1 33","gp",14,"b","0","-","-",12222,"L1",-0.5,0.5
"5926","L1 33","gp",16,"d","0","-","-",2628,"L1",0.5,0.5
"5937","L1 33","gp",10,"b","0","-","-",4610,"L1",-0.5,0.5
"5968","L1 34","gp",21,"b","0","-","-",3962,"L1",-0.5,0.5
"5975","L1 34","gp",3,"d","0","-","-",2821,"L1",0.5,0.5
"5981","L1 34","gp",9,"b","0","-","-",3817,"L1",-0.5,0.5
"5984","L1 34","gp",16,"a","0","-","-",2820,"L1",-0.5,-0.5
"5990","L1 34","gp",15,"d","0","-","-",2967,"L1",0.5,0.5
"5997","L1 34","gp",4,"a","0","-","-",4822,"L1",-0.5,-0.5
"6005","L1 34","gp",23,"d","0","-","-",3430,"L1",0.5,0.5
"6009","L1 34","gp",20,"a","0","-","-",2785,"L1",-0.5,-0.5
"6016","L1 34","gp",8,"a","0","-","-",4465,"L1",-0.5,-0.5
"6019","L1 34","gp",19,"d","0","-","-",3160,"L1",0.5,0.5
"6027","L1 34","gp",5,"b","0","-","-",2520,"L1",-0.5,0.5
"6031","L1 34","gp",12,"a","0","-","-",5472,"L1",-0.5,-0.5
"6046","L1 34","gp",7,"d","0","-","-",2306,"L1",0.5,0.5
"6052","L1 34","gp",13,"b","0","-","-",3022,"L1",-0.5,0.5
"6060","L1 34","gp",18,"c","0","-","-",3781,"L1",0.5,-0.5
"6064","L1 34","gp",6,"c","0","-","-",4064,"L1",0.5,-0.5
"6075","L1 34","gp",1,"b","0","-","-",3407,"L1",-0.5,0.5
"6083","L1 34","gp",10,"c","0","-","-",3363,"L1",0.5,-0.5
"6086","L1 34","gp",24,"a","0","-","-",2431,"L1",-0.5,-0.5
"6089","L1 34","gp",17,"b","0","-","-",2242,"L1",-0.5,0.5
"6097","L1 34","gp",22,"c","0","-","-",6646,"L1",0.5,-0.5
"6100","L1 34","gp",2,"c","0","-","-",5165,"L1",0.5,-0.5
"6107","L1 34","gp",11,"d","0","-","-",2675,"L1",0.5,0.5
"6115","L1 34","gp",14,"c","0","-","-",2945,"L1",0.5,-0.5
"6143","L1 35","gp",1,"c","0","-","-",7236,"L1",0.5,-0.5
"6146","L1 35","gp",23,"a","0","-","-",7165,"L1",-0.5,-0.5
"6149","L1 35","gp",18,"d","0","-","-",4089,"L1",0.5,0.5
"6159","L1 35","gp",2,"d","0","-","-",2382,"L1",0.5,0.5
"6167","L1 35","gp",3,"a","0","-","-",4654,"L1",-0.5,-0.5
"6174","L1 35","gp",13,"c","0","-","-",2229,"L1",0.5,-0.5
"6178","L1 35","gp",21,"c","0","-","-",2878,"L1",0.5,-0.5
"6185","L1 35","gp",20,"b","0","-","-",6270,"L1",-0.5,0.5
"6189","L1 35","gp",11,"a","0","-","-",3563,"L1",-0.5,-0.5
"6195","L1 35","gp",10,"d","0","-","-",8983,"L1",0.5,0.5
"6201","L1 35","gp",6,"d","0","-","-",3257,"L1",0.5,0.5
"6204","L1 35","gp",5,"c","0","-","-",4343,"L1",0.5,-0.5
"6214","L1 35","gp",9,"c","0","-","-",11087,"L1",0.5,-0.5
"6218","L1 35","gp",4,"b","0","-","-",2241,"L1",-0.5,0.5
"6223","L1 35","gp",17,"c","0","-","-",2524,"L1",0.5,-0.5
"6234","L1 35","gp",12,"b","0","-","-",2901,"L1",-0.5,0.5
"6243","L1 35","gp",15,"a","0","-","-",5187,"L1",-0.5,-0.5
"6247","L1 35","gp",24,"b","0","-","-",4334,"L1",-0.5,0.5
"6250","L1 35","gp",14,"d","0","-","-",2910,"L1",0.5,0.5
"6254","L1 35","gp",19,"a","0","-","-",5113,"L1",-0.5,-0.5
"6262","L1 35","gp",22,"d","0","-","-",2762,"L1",0.5,0.5
"6271","L1 35","gp",7,"a","0","-","-",7526,"L1",-0.5,-0.5
"6278","L1 35","gp",8,"b","0","-","-",3349,"L1",-0.5,0.5
"6298","L1 35","gp",16,"b","0","-","-",2363,"L1",-0.5,0.5
"6318","L1 36","gp",18,"a","0","-","-",5499,"L1",-0.5,-0.5
"6335","L1 36","gp",21,"d","0","-","-",3338,"L1",0.5,0.5
"6339","L1 36","gp",14,"a","0","-","-",4378,"L1",-0.5,-0.5
"6343","L1 36","gp",5,"d","0","-","-",4953,"L1",0.5,0.5
"6351","L1 36","gp",10,"a","0","-","-",4621,"L1",-0.5,-0.5
"6357","L1 36","gp",23,"b","0","-","-",3096,"L1",-0.5,0.5
"6365","L1 36","gp",16,"c","0","-","-",3593,"L1",0.5,-0.5
"6377","L1 36","gp",15,"b","0","-","-",4840,"L1",-0.5,0.5
"6381","L1 36","gp",1,"d","0","-","-",3280,"L1",0.5,0.5
"6384","L1 36","gp",3,"b","0","-","-",2485,"L1",-0.5,0.5
"6392","L1 36","gp",2,"a","0","-","-",4595,"L1",-0.5,-0.5
"6395","L1 36","gp",20,"c","0","-","-",3108,"L1",0.5,-0.5
"6404","L1 36","gp",4,"c","0","-","-",2928,"L1",0.5,-0.5
"6410","L1 36","gp",6,"a","0","-","-",3687,"L1",-0.5,-0.5
"6416","L1 36","gp",24,"c","0","-","-",4215,"L1",0.5,-0.5
"6423","L1 36","gp",8,"c","0","-","-",5400,"L1",0.5,-0.5
"6430","L1 36","gp",9,"d","0","-","-",3202,"L1",0.5,0.5
"6453","L1 36","gp",19,"b","0","-","-",3533,"L1",-0.5,0.5
"6457","L1 36","gp",7,"b","0","-","-",3629,"L1",-0.5,0.5
"6460","L1 36","gp",12,"c","0","-","-",6856,"L1",0.5,-0.5
"6463","L1 36","gp",22,"a","0","-","-",4074,"L1",-0.5,-0.5
"6466","L1 36","gp",11,"b","0","-","-",2774,"L1",-0.5,0.5
"6470","L1 36","gp",17,"d","0","-","-",2842,"L1",0.5,0.5
"6477","L1 36","gp",13,"d","0","-","-",3662,"L1",0.5,0.5
"6495","L1 37","gp",17,"a","0","-","-",3750,"L1",-0.5,-0.5
"6503","L1 37","gp",13,"a","0","-","-",3792,"L1",-0.5,-0.5
"6509","L1 37","gp",9,"a","0","-","-",3638,"L1",-0.5,-0.5
"6519","L1 37","gp",6,"b","0","-","-",4215,"L1",-0.5,0.5
"6523","L1 37","gp",12,"d","0","-","-",3832,"L1",0.5,0.5
"6530","L1 37","gp",5,"a","0","-","-",3105,"L1",-0.5,-0.5
"6534","L1 37","gp",11,"c","0","-","-",4030,"L1",0.5,-0.5
"6537","L1 37","gp",1,"a","0","-","-",2922,"L1",-0.5,-0.5
"6543","L1 37","gp",7,"c","0","-","-",4161,"L1",0.5,-0.5
"6551","L1 37","gp",22,"b","0","-","-",4655,"L1",-0.5,0.5
"6565","L1 37","gp",19,"c","0","-","-",3397,"L1",0.5,-0.5
"6568","L1 37","gp",4,"d","0","-","-",3409,"L1",0.5,0.5
"6574","L1 37","gp",3,"c","0","-","-",3409,"L1",0.5,-0.5
"6577","L1 37","gp",23,"c","0","-","-",2504,"L1",0.5,-0.5
"6580","L1 37","gp",16,"d","0","-","-",3182,"L1",0.5,0.5
"6584","L1 37","gp",21,"a","0","-","-",4043,"L1",-0.5,-0.5
"6592","L1 37","gp",14,"b","0","-","-",2806,"L1",-0.5,0.5
"6598","L1 37","gp",2,"b","0","-","-",4192,"L1",-0.5,0.5
"6624","L1 37","gp",24,"d","0","-","-",3315,"L1",0.5,0.5
"6631","L1 37","gp",8,"d","0","-","-",3562,"L1",0.5,0.5
"6635","L1 37","gp",15,"c","0","-","-",4394,"L1",0.5,-0.5
"6644","L1 37","gp",10,"b","0","-","-",3296,"L1",-0.5,0.5
"6647","L1 37","gp",20,"d","0","-","-",3523,"L1",0.5,0.5
"6655","L1 37","gp",18,"b","0","-","-",2980,"L1",-0.5,0.5
"6682","L1 38","gp",12,"a","0","-","-",7868,"L1",-0.5,-0.5
"6697","L1 38","gp",4,"a","0","-","-",6719,"L1",-0.5,-0.5
"6705","L1 38","gp",19,"d","0","-","-",4504,"L1",0.5,0.5
"6711","L1 38","gp",7,"d","0","-","-",5063,"L1",0.5,0.5
"6718","L1 38","gp",17,"b","0","-","-",3189,"L1",-0.5,0.5
"6725","L1 38","gp",3,"d","0","-","-",1611,"L1",0.5,0.5
"6733","L1 38","gp",8,"a","0","-","-",3534,"L1",-0.5,-0.5
"6736","L1 38","gp",6,"c","0","-","-",6868,"L1",0.5,-0.5
"6742","L1 38","gp",1,"b","0","-","-",2192,"L1",-0.5,0.5
"6753","L1 38","gp",9,"b","0","-","-",2336,"L1",-0.5,0.5
"6756","L1 38","gp",13,"b","0","-","-",2929,"L1",-0.5,0.5
"6767","L1 38","gp",2,"c","0","-","-",3824,"L1",0.5,-0.5
"6770","L1 38","gp",5,"b","0","-","-",2997,"L1",-0.5,0.5
"6781","L1 38","gp",20,"a","0","-","-",4858,"L1",-0.5,-0.5
"6784","L1 38","gp",11,"d","0","-","-",2350,"L1",0.5,0.5
"6791","L1 38","gp",23,"d","0","-","-",2858,"L1",0.5,0.5
"6798","L1 38","gp",21,"b","0","-","-",5896,"L1",-0.5,0.5
"6804","L1 38","gp",14,"c","0","-","-",4213,"L1",0.5,-0.5
"6807","L1 38","gp",16,"a","0","-","-",2607,"L1",-0.5,-0.5
"6815","L1 38","gp",15,"d","0","-","-",4279,"L1",0.5,0.5
"6821","L1 38","gp",10,"c","0","-","-",2889,"L1",0.5,-0.5
"6828","L1 38","gp",24,"a","0","-","-",3529,"L1",-0.5,-0.5
"6835","L1 38","gp",18,"c","0","-","-",4648,"L1",0.5,-0.5
"6838","L1 38","gp",22,"c","0","-","-",3887,"L1",0.5,-0.5
"6858","L1 39","gp",7,"a","0","-","-",7387,"L1",-0.5,-0.5
"6863","L1 39","gp",16,"b","0","-","-",3158,"L1",-0.5,0.5
"6867","L1 39","gp",6,"d","0","-","-",3296,"L1",0.5,0.5
"6874","L1 39","gp",23,"a","0","-","-",5326,"L1",-0.5,-0.5
"6878","L1 39","gp",1,"c","0","-","-",4106,"L1",0.5,-0.5
"6882","L1 39","gp",12,"b","0","-","-",5801,"L1",-0.5,0.5
"6886","L1 39","gp",8,"b","0","-","-",6501,"L1",-0.5,0.5
"6896","L1 39","gp",24,"b","0","-","-",4022,"L1",-0.5,0.5
"6903","L1 39","gp",14,"d","0","-","-",2874,"L1",0.5,0.5
"6906","L1 39","gp",9,"c","0","-","-",5356,"L1",0.5,-0.5
"6917","L1 39","gp",11,"a","0","-","-",3483,"L1",-0.5,-0.5
"6928","L1 39","gp",19,"a","0","-","-",4015,"L1",-0.5,-0.5
"6936","L1 39","gp",22,"d","0","-","-",3246,"L1",0.5,0.5
"6950","L1 39","gp",18,"d","0","-","-",4484,"L1",0.5,0.5
"6960","L1 39","gp",15,"a","0","-","-",6700,"L1",-0.5,-0.5
"6963","L1 39","gp",21,"c","0","-","-",4082,"L1",0.5,-0.5
"6970","L1 39","gp",10,"d","0","-","-",3091,"L1",0.5,0.5
"6977","L1 39","gp",17,"c","0","-","-",2971,"L1",0.5,-0.5
"6983","L1 39","gp",13,"c","0","-","-",5375,"L1",0.5,-0.5
"6987","L1 39","gp",2,"d","0","-","-",4328,"L1",0.5,0.5
"6990","L1 39","gp",4,"b","0","-","-",9492,"L1",-0.5,0.5
"7000","L1 39","gp",3,"a","0","-","-",7144,"L1",-0.5,-0.5
"7007","L1 39","gp",5,"c","0","-","-",6654,"L1",0.5,-0.5
"7018","L1 39","gp",20,"b","0","-","-",3145,"L1",-0.5,0.5
"7038","L1 40","gp",8,"c","0","-","-",6016,"L1",0.5,-0.5
"7048","L1 40","gp",11,"b","0","-","-",2769,"L1",-0.5,0.5
"7065","L1 40","gp",7,"b","0","-","-",3127,"L1",-0.5,0.5
"7077","L1 40","gp",23,"b","0","-","-",5866,"L1",-0.5,0.5
"7085","L1 40","gp",14,"a","0","-","-",4436,"L1",-0.5,-0.5
"7089","L1 40","gp",22,"a","0","-","-",6806,"L1",-0.5,-0.5
"7097","L1 40","gp",17,"d","0","-","-",3408,"L1",0.5,0.5
"7104","L1 40","gp",6,"a","0","-","-",3281,"L1",-0.5,-0.5
"7110","L1 40","gp",18,"a","0","-","-",6215,"L1",-0.5,-0.5
"7128","L1 40","gp",4,"c","0","-","-",3829,"L1",0.5,-0.5
"7138","L1 40","gp",12,"c","0","-","-",7314,"L1",0.5,-0.5
"7144","L1 40","gp",9,"d","0","-","-",6690,"L1",0.5,0.5
"7149","L1 40","gp",20,"c","0","-","-",3518,"L1",0.5,-0.5
"7152","L1 40","gp",16,"c","0","-","-",5677,"L1",0.5,-0.5
"7155","L1 40","gp",10,"a","0","-","-",3880,"L1",-0.5,-0.5
"7158","L1 40","gp",13,"d","0","-","-",3169,"L1",0.5,0.5
"7165","L1 40","gp",19,"b","0","-","-",3820,"L1",-0.5,0.5
"7169","L1 40","gp",5,"d","0","-","-",8665,"L1",0.5,0.5
"7173","L1 40","gp",24,"c","0","-","-",3469,"L1",0.5,-0.5
"7177","L1 40","gp",15,"b","0","-","-",4238,"L1",-0.5,0.5
"7181","L1 40","gp",1,"d","0","-","-",7726,"L1",0.5,0.5
"7187","L1 40","gp",21,"d","0","-","-",2916,"L1",0.5,0.5
"7193","L1 40","gp",2,"a","0","-","-",4240,"L1",-0.5,-0.5
"7197","L1 40","gp",3,"b","0","-","-",3574,"L1",-0.5,0.5
